re-contextualize back-end action-items;Ethiopia;Treena Mclaughlin;1980;765
scale extensible communities;Bolivia;Gerard Mcguire;1990;500
generate intuitive action-items;Bahamas;Derek English;1982;103
enable killer niches;San Marino;Jacqui Lambert;1957;1074
incubate magnetic convergence;Tunisia;Heide Hardin;1970;328
empower magnetic synergies;Latvia;Josefine Edwards;1975;958
whiteboard holistic e-commerce;Australia;Joel Schroeder;1957;567
maximize world-class content;Senegal;Terisa Byrd;1950;374
e-enable open-source e-tailers;Zambia;Georgeanna Brady;1961;300
generate next-generation supply-chains;Portugal;Anjanette Odom;1979;401
evolve seamless users;Oman;Lane Holder;1953;1245
embrace interactive systems;Norway;Beula Kinney;1952;138
disintermediate out-of-the-box bandwidth;Zimbabwe;Grover Wilder;1978;1381
revolutionize clicks-and-mortar solutions;Nigeria;Nery Barber;1981;345
e-enable dot-com initiatives;Serbia;Mariano Keller;1961;719
orchestrate customized action-items;Ukraine;Bill Mason;1990;488
facilitate bleeding-edge vortals;Pakistan;Chanell Snyder;1997;504
orchestrate customized networks;Cyprus;Kelvin Chapman;1998;304
enhance back-end e-business;Israel;Ted Vazquez;1973;769
maximize revolutionary networks;Myanmar;William Glenn;1991;1049
scale interactive convergence;Suriname;Shavonda Fischer;1971;1139
transform scalable communities;Tonga;Wendolyn Mccray;1981;1478
benchmark world-class markets;Syria;Henry Webster;1991;377
drive 24/365 mindshare;Canada;Vernia Mack;1996;1144
e-enable 24/365 users;Slovakia;Dario Michael;1983;545
expedite dynamic applications;Chad;Marion Caldwell;1996;1383
disintermediate B2C portals;Malawi;Sherman Reilly;1983;974
repurpose dot-com e-tailers;Kuwait;Pauletta Miranda;1970;1279
disintermediate efficient info-mediaries;Kazakhstan;Dalila Stevens;1979;966
reinvent killer initiatives;Albania;Kaila Noble;1993;172
brand B2B relationships;Pakistan;Marya Armstrong;1996;704
embrace global networks;Bangladesh;Dante Baker;1997;1243
monetize revolutionary users;Tunisia;Hank Mckay;1984;1362
innovate ubiquitous niches;Lesotho;Shonta York;1951;335
repurpose front-end mindshare;Maldives;Soo Knox;1981;962
innovate turn-key networks;Australia;Roosevelt Simpson;1977;1462
facilitate web-enabled systems;Benin;Donn Browning;1978;859
orchestrate transparent applications;Sweden;Ross Deleon;1984;1316
revolutionize robust e-tailers;Mongolia;Yang Patterson;1970;576
whiteboard rich paradigms;Mozambique;Denae Church;1962;558
morph customized platforms;Andorra;Emmaline Guerrero;1982;836
deploy seamless platforms;Comoros;Mitsue Nieves;1953;107
extend front-end partnerships;Lesotho;Dan Dixon;1978;397
innovate impactful partnerships;Iceland;Aurore Soto;1967;1032
incentivize best-of-breed solutions;Armenia;Booker Gross;1973;614
engineer sticky web services;Morocco;Duncan Sargent;1980;1083
deliver web-enabled solutions;Cambodia;Rhett Lawson;1976;462
implement B2B niches;Argentina;Bret Albert;1986;283
syndicate revolutionary ROI;Benin;Dean Melton;1993;1243
utilize e-business relationships;Estonia;Raymonde Neal;1958;1285
expedite clicks-and-mortar convergence;Tanzania;Numbers Cardenas;1969;854
re-intermediate enterprise e-commerce;Ethiopia;Emmett Park;1980;970
exploit vertical markets;Serbia;Edward Roy;1950;389
exploit virtual applications;Suriname;Jeanelle Murray;2000;726
reinvent web-enabled e-markets;Cuba;Laine Cooley;1952;358
integrate back-end vortals;Luxembourg;Basilia Mcmillan;1980;1491
enable clicks-and-mortar mindshare;Namibia;Lionel Petty;1961;269
evolve collaborative metrics;Iraq;Margorie Walters;1975;490
enable 24/7 web services;Indonesia;Suzi Banks;1956;758
facilitate collaborative partnerships;Lebanon;Buford Bray;1980;505
re-contextualize frictionless users;Eritrea;Juan Johnston;1957;1321
revolutionize end-to-end interfaces;Luxembourg;Mitsuko Parks;1951;576
re-contextualize frictionless platforms;Pakistan;Angelyn Mcfarland;1985;211
innovate user-centric metrics;Iceland;Derek Ramos;1963;152
redefine back-end schemas;Panama;Herschel Craig;1984;110
whiteboard innovative platforms;Madagascar;Obdulia Hanson;1987;169
reinvent integrated markets;Malta;Al Raymond;1958;1420
enhance bricks-and-clicks markets;Uruguay;Fairy Donovan;1968;1371
embrace holistic applications;Belgium;Jinny Martin;1994;1417
enable bleeding-edge technologies;Azerbaijan;Kanesha Austin;1987;916
repurpose magnetic ROI;Myanmar;Edyth Potter;1983;1084
strategize holistic applications;Paraguay;Benjamin Castillo;1974;1348
morph magnetic e-commerce;Serbia;Sergio Cobb;1950;534
re-contextualize bricks-and-clicks architectures;Argentina;Bao Caldwell;1995;1456
repurpose scalable schemas;Dominica;Ezequiel Reid;1999;952
embrace best-of-breed schemas;Comoros;Jaime Bruce;1959;349
generate back-end solutions;Bahamas;Galina Waller;1986;326
enable interactive content;Tanzania;Salena Carlson;1995;586
integrate revolutionary experiences;Malta;Arnoldo Quinn;1999;1265
grow compelling eyeballs;San Marino;Beaulah Frank;1980;717
extend innovative methodologies;Vietnam;Hisako Rios;1950;1165
incubate vertical web-readiness;Brazil;Lovella Cole;1962;558
seize cross-platform infrastructures;Bhutan;Raymonde Lester;1991;103
repurpose back-end supply-chains;Nauru;Mireille Middleton;1972;807
enhance enterprise channels;Comoros;Clemencia Barry;1996;487
benchmark world-class architectures;Algeria;Rashad Roy;1958;1473
unleash collaborative solutions;Uzbekistan;Philip Parsons;1990;761
engineer B2C architectures;Bahrain;Jeffrey Perkins;1975;984
transition best-of-breed architectures;Canada;Ulysses Stevens;1951;846
transition next-generation systems;Vietnam;Desire Baird;1973;595
incubate revolutionary paradigms;Luxembourg;Felix Emerson;1953;1372
brand one-to-one content;Myanmar;Bernardo Chang;1964;564
drive visionary methodologies;Luxembourg;Scottie Goodwin;1970;627
evolve global e-services;Burundi;Marc Ramos;1964;831
scale dynamic content;Sri Lanka;Earlie Burton;1976;217
transform intuitive e-commerce;Paraguay;Antonio Burns;1963;1231
extend customized communities;Estonia;Kallie Miles;1984;514
empower synergistic e-markets;Yemen;Deon Bartlett;1992;1381
synergize customized synergies;Madagascar;Salena Rios;1982;1412
reinvent strategic applications;Georgia;Julian Brooks;1983;224
revolutionize next-generation metrics;Costa Rica;Oliver Franklin;1950;294
transform viral web services;Samoa;Rory Solomon;1966;1097
innovate cross-platform metrics;Zambia;Spring Hubbard;1997;686
brand cross-platform systems;Rwanda;Morgan Rojas;1969;1061
incentivize efficient models;Qatar;Mikel Lawrence;1952;852
benchmark web-enabled vortals;Kiribati;Kyoko Lucas;1961;1395
envisioneer web-enabled users;Cape Verde;Jere Glenn;1996;941
seize dynamic partnerships;Burundi;Clyde Dyer;1991;249
utilize integrated e-business;Cameroon;Arcelia Barnett;1972;617
synthesize virtual info-mediaries;Serbia;Candie Ball;1979;812
innovate customized experiences;Mexico;Elvin Page;1967;636
redefine magnetic technologies;Singapore;Jarrod Fulton;1981;1107
redefine bricks-and-clicks users;Ghana;Ozell Dotson;1993;611
engineer user-centric architectures;Tanzania;Garret Randall;1990;1474
engineer open-source partnerships;Azerbaijan;Milagro Best;1978;1036
extend cross-media networks;Bolivia;Elenore Doyle;1970;1308
incubate end-to-end info-mediaries;Suriname;Donnell Hart;1968;1332
exploit dynamic vortals;Russia;Hilton Schultz;1967;656
unleash front-end interfaces;Iceland;Royce Sanders;1973;1347
streamline enterprise web services;Vanuatu;Kenny Nelson;1990;300
engage ubiquitous relationships;Austria;Dotty Ellison;1980;1139
incubate user-centric metrics;Albania;Tyler Lee;1969;1301
benchmark 24/7 interfaces;Fiji;Winston Orr;1971;648
engineer intuitive e-commerce;Vanuatu;Karly Bray;1964;1072
productize robust bandwidth;Dominica;Pinkie Diaz;1979;476
facilitate leading-edge relationships;Nicaragua;Cristobal Delacruz;1951;396
enable back-end synergies;Algeria;Benedict Martin;1953;1388
reinvent open-source networks;Bolivia;Karole Jennings;1952;801
revolutionize granular networks;Zimbabwe;Brunilda Duncan;1993;426
re-intermediate viral action-items;Thailand;Leonel Wooten;1977;1076
brand turn-key interfaces;Colombia;Geraldo French;1985;1420
orchestrate leading-edge synergies;Turkey;Henry Lucas;1976;428
syndicate integrated methodologies;Venezuela;Latrina Potts;1995;902
enhance robust experiences;Cape Verde;Charise Pearson;1964;1105
engineer frictionless mindshare;Japan;Donnette Meyers;1962;745
incubate B2B experiences;Germany;Myung Gillespie;1978;909
transition e-business experiences;Egypt;Conchita Alston;1984;586
unleash best-of-breed architectures;Sweden;Frederic Torres;1951;1103
enhance open-source mindshare;Iran;Percy Stevenson;1974;949
matrix clicks-and-mortar paradigms;Bahamas;Marcos Day;1978;809
scale B2B partnerships;Vietnam;Forrest Reynolds;1976;1360
transition 24/365 methodologies;Norway;Yuk Rios;1993;1179
mesh seamless networks;Rwanda;Oneida Mcintosh;1991;900
evolve seamless interfaces;Swaziland;Scot Hahn;1998;331
e-enable e-business e-business;Bhutan;Tyisha Washington;1959;572
enhance virtual mindshare;Moldova;Laure Fisher;1956;1474
whiteboard mission-critical bandwidth;Latvia;Alva Hess;1987;667
harness integrated portals;Nigeria;Jeramy Lewis;1955;1175
enhance clicks-and-mortar networks;Slovenia;Susann Thornton;1969;1161
benchmark strategic models;Niger;Cary Doyle;1978;231
engage cross-media channels;Seychelles;Keitha Pearson;1953;1437
morph open-source initiatives;Sri Lanka;Debbra Mills;1973;1316
architect turn-key schemas;Nicaragua;Rolf Grant;1996;1498
synthesize proactive platforms;Oman;Debroah Young;1987;913
evolve web-enabled systems;Tonga;Rocco Diaz;1985;1360
deliver clicks-and-mortar niches;Russia;Clay Guerrero;1981;1173
grow wireless action-items;Guatemala;Consuela Brock;1974;344
scale cross-platform markets;Mongolia;Elliot Sandoval;1988;925
leverage seamless communities;Zimbabwe;Hyun Dotson;1950;912
disintermediate world-class functionalities;Brazil;Milford Harrell;1967;1200
aggregate next-generation systems;France;Tyrell Faulkner;1992;853
drive mission-critical vortals;Macedonia;Micah Russo;1988;1233
unleash scalable experiences;Luxembourg;Ranee Moon;1989;1007
engage scalable portals;Algeria;Cassy Donovan;1997;146
synergize ubiquitous deliverables;Lebanon;Jacqualine Drake;1951;143
morph seamless metrics;Togo;Brooks Webster;1953;1281
re-intermediate seamless relationships;Cameroon;Dion Barnett;1955;246
engineer collaborative partnerships;Myanmar;Cecil Monroe;1974;105
drive clicks-and-mortar experiences;Hungary;Jamika Mcfarland;1961;161
enable scalable methodologies;Cape Verde;Anderson Mclean;1953;1396
scale turn-key channels;Slovakia;Jeannetta Jenkins;1961;722
re-intermediate visionary applications;Bahrain;Rossie Foley;1998;540
expedite strategic web services;Serbia;Kristofer Gaines;1988;1469
transition extensible partnerships;Argentina;Merna Nelson;1963;999
redefine synergistic initiatives;East Timor;Elvin Browning;1997;1473
seize 24/365 e-services;Grenada;Anjanette Welch;1960;402
target plug-and-play e-markets;Liberia;Reginald Emerson;1975;371
target global web services;Somalia;Xavier Lang;1966;1306
extend mission-critical infrastructures;Egypt;Xiao Mack;1950;936
exploit extensible web services;Hungary;Antonia Cohen;1977;236
innovate enterprise web services;Kyrgyzstan;Daron Conley;1963;380
extend open-source partnerships;Comoros;Zita Kent;1984;905
harness transparent users;Portugal;Ardelia Keller;1963;596
extend bleeding-edge e-business;Zimbabwe;Anamaria Waller;1978;1202
monetize turn-key e-commerce;Bolivia;Elliott Bradley;1974;1258
reinvent compelling architectures;Uruguay;Benny Neal;1980;961
syndicate world-class applications;Portugal;Rory Woodard;1951;963
strategize vertical content;Senegal;Claris Ramirez;1982;766
scale impactful platforms;Egypt;Guy Black;1964;439
redefine bleeding-edge e-tailers;Poland;Elenore Roberts;1955;1242
exploit user-centric experiences;Mali;Simona Haley;1968;1377
repurpose one-to-one solutions;Luxembourg;Fredricka Lindsey;1958;766
whiteboard rich e-markets;Cuba;Louie Daniel;1998;549
envisioneer next-generation e-tailers;Georgia;Valentin Ashley;1983;994
re-contextualize efficient channels;Sweden;Zonia Rhodes;1978;1147
enable compelling convergence;Senegal;Hal Vaughn;1980;551
disintermediate granular paradigms;Haiti;Caleb Merrill;1979;1389
streamline value-added bandwidth;Tanzania;Wilfredo Burns;1962;1124
cultivate best-of-breed info-mediaries;The Gambia;Efren Harding;1982;256
re-contextualize extensible mindshare;Zimbabwe;Brandon Mercer;1956;609
