expedite integrated synergies;Tunisia;19972;264;47
evolve customized networks;Comoros;8869;387;82
facilitate virtual schemas;Palau;11800;766;7
strategize cross-media technologies;Mali;11438;889;10
scale 24/365 ROI;Kuwait;7063;829;184
mesh proactive users;Chad;10969;217;26
leverage transparent mindshare;Belgium;9496;301;147
optimize virtual niches;Thailand;15400;363;156
re-intermediate compelling e-business;Brazil;9984;934;4
repurpose customized networks;Ghana;15600;151;124
e-enable leading-edge e-services;Vanuatu;15906;441;98
streamline intuitive models;India;15749;808;4
utilize visionary solutions;Mali;14412;138;141
generate intuitive schemas;Senegal;14466;165;184
whiteboard killer info-mediaries;Haiti;9269;64;28
deploy 24/7 platforms;Albania;5413;542;102
benchmark 24/7 technologies;Angola;5638;388;144
mesh web-enabled deliverables;Morocco;11787;103;150
visualize seamless convergence;Namibia;16657;356;74
innovate integrated web-readiness;Belarus;18935;136;126
engage front-end platforms;Sri Lanka;19038;694;188
enable dynamic models;Russia;11710;842;27
harness B2B initiatives;Haiti;15421;295;115
evolve dot-com web services;Spain;12109;340;138
innovate transparent convergence;Luxembourg;7413;591;73
harness magnetic applications;Maldives;15332;268;87
iterate web-enabled interfaces;Kenya;8683;184;138
deliver open-source mindshare;Benin;14764;878;46
transition intuitive ROI;Morocco;9018;188;98
matrix real-time metrics;Croatia;5726;413;183
target dynamic e-tailers;Albania;15682;697;144
redefine robust content;Ecuador;12895;368;177
cultivate value-added platforms;Portugal;16086;126;15
disintermediate out-of-the-box niches;Hungary;13515;123;28
enable 24/365 eyeballs;Romania;5723;541;173
aggregate bleeding-edge applications;Jamaica;10015;341;42
syndicate collaborative vortals;Madagascar;14290;438;188
visualize cutting-edge experiences;Swaziland;18510;589;147
visualize real-time niches;Cape Verde;13332;762;135
enable e-business web services;Denmark;16452;92;69
facilitate integrated content;Vietnam;17742;827;95
expedite frictionless technologies;Malawi;12949;436;183
target wireless applications;Uruguay;19667;631;3
synergize revolutionary networks;Tuvalu;14316;862;102
re-contextualize bleeding-edge networks;Malaysia;19329;738;62
architect strategic systems;Israel;7399;564;177
deploy revolutionary solutions;Yemen;7926;218;29
revolutionize 24/7 e-tailers;Portugal;16907;426;11
seize end-to-end metrics;Mozambique;7366;380;147
strategize interactive e-commerce;Venezuela;13199;761;127
grow synergistic models;Albania;8984;938;5
envisioneer value-added e-markets;Armenia;5650;844;111
synergize innovative deliverables;Burundi;9306;778;74
architect frictionless partnerships;Colombia;16642;136;124
deliver frictionless e-tailers;Bahrain;6147;974;182
streamline scalable functionalities;Moldova;18698;79;55
synthesize killer experiences;Qatar;18694;364;167
exploit visionary initiatives;Cambodia;6569;566;155
syndicate wireless users;Venezuela;7597;418;46
whiteboard dynamic paradigms;Kenya;16244;158;167
disintermediate innovative solutions;Kyrgyzstan;17189;440;159
innovate cross-platform functionalities;Oman;14875;561;62
enable 24/365 markets;Morocco;14879;710;167
iterate customized networks;Rwanda;12949;901;31
harness web-enabled models;Eritrea;13164;91;12
transform dynamic users;Nepal;7399;457;22
utilize cutting-edge interfaces;Barbados;6897;965;10
matrix global portals;Tuvalu;8311;589;65
reinvent extensible bandwidth;Ghana;18452;677;192
streamline dynamic paradigms;Paraguay;16864;566;65
synergize sticky content;Poland;8768;304;182
synergize clicks-and-mortar e-commerce;Lebanon;9550;476;188
extend rich networks;Mozambique;14162;807;83
e-enable best-of-breed schemas;Ghana;11591;410;24
synergize mission-critical portals;Cyprus;19608;411;19
deliver 24/365 models;Mauritania;15419;83;98
e-enable clicks-and-mortar networks;Azerbaijan;14949;479;4
revolutionize end-to-end niches;Vanuatu;15273;829;176
productize visionary info-mediaries;Romania;19857;238;157
streamline frictionless mindshare;Mozambique;13058;167;107
seize strategic initiatives;Macedonia;8171;789;27
scale turn-key metrics;Nigeria;9857;130;74
embrace dot-com e-business;Yemen;7412;824;171
monetize interactive portals;Uzbekistan;17217;391;93
exploit web-enabled e-tailers;Egypt;5182;146;179
deliver holistic interfaces;Portugal;13762;906;42
empower value-added methodologies;Swaziland;9596;969;36
visualize 24/7 architectures;Iran;18037;775;182
disintermediate visionary synergies;Iraq;10438;738;37
visualize web-enabled methodologies;Finland;16642;834;76
incubate transparent methodologies;Venezuela;14681;68;194
architect open-source eyeballs;Belgium;17963;738;75
streamline best-of-breed e-tailers;Slovenia;11216;789;55
visualize killer methodologies;Iran;14577;858;80
re-intermediate integrated metrics;Norway;12708;569;84
streamline end-to-end action-items;Brazil;19269;864;192
benchmark frictionless e-services;Sweden;19992;989;59
generate granular schemas;Indonesia;18566;566;106
scale one-to-one supply-chains;Bahrain;16917;110;106
expedite innovative functionalities;Malaysia;16037;20;35
deploy back-end experiences;Guatemala;13474;660;122
benchmark cross-media models;Barbados;10976;368;198
extend global paradigms;Kyrgyzstan;14498;204;124
productize bleeding-edge portals;Namibia;9697;576;131
visualize wireless niches;Zambia;8216;462;20
transition 24/365 e-commerce;Samoa;16856;174;137
drive granular networks;Dominica;12916;626;151
leverage dot-com e-services;Poland;18486;429;18
syndicate bricks-and-clicks convergence;San Marino;7047;108;145
benchmark real-time supply-chains;Lithuania;17318;773;85
transition B2B users;Singapore;7696;339;45
drive distributed web-readiness;Bolivia;15108;385;29
drive interactive portals;Libya;14486;444;115
synthesize value-added platforms;Cyprus;15224;388;91
architect user-centric mindshare;Nauru;16400;784;11
embrace mission-critical supply-chains;Guyana;15762;578;113
transition granular info-mediaries;Poland;9485;143;116
synthesize 24/365 e-markets;Cameroon;13897;524;183
disintermediate killer info-mediaries;Tunisia;6537;338;21
utilize world-class e-services;Australia;17499;997;24
harness bricks-and-clicks content;Bolivia;12360;214;50
integrate visionary partnerships;Colombia;10845;955;159
synergize frictionless convergence;Bahamas;18521;459;169
aggregate best-of-breed content;Andorra;5466;932;17
re-intermediate compelling schemas;Lebanon;8727;549;46
facilitate vertical supply-chains;Uganda;11322;516;163
empower vertical e-commerce;Cuba;8601;971;66
reinvent extensible portals;Indonesia;11029;515;43
reinvent cross-media initiatives;Kiribati;12557;507;13
synthesize interactive e-commerce;Belgium;11840;80;106
facilitate value-added deliverables;Barbados;5075;169;141
implement robust partnerships;Luxembourg;17803;632;100
repurpose virtual technologies;Malaysia;19394;563;28
expedite synergistic web services;Palestine;9098;936;39
synergize revolutionary vortals;Japan;15716;366;31
aggregate dynamic channels;Botswana;14192;935;129
optimize impactful vortals;Libya;12424;869;114
re-contextualize B2B initiatives;Comoros;8506;912;20
disintermediate B2B convergence;Lebanon;8258;702;4
monetize mission-critical applications;Ghana;14174;58;90
facilitate impactful action-items;Russia;10851;566;10
drive interactive applications;Iceland;5878;782;179
implement seamless markets;Chile;16945;344;10
envisioneer mission-critical solutions;Iraq;14557;856;3
optimize robust e-commerce;Sudan;12624;240;7
implement impactful web services;Mauritius;5847;766;22
leverage clicks-and-mortar action-items;Sweden;14203;462;47
strategize collaborative networks;Ukraine;9217;998;169
transition distributed bandwidth;Nauru;11016;405;173
aggregate killer experiences;Guatemala;7358;326;7
repurpose transparent markets;Spain;15729;811;64
disintermediate user-centric partnerships;Macedonia;16017;245;54
exploit dynamic architectures;Chad;9890;1000;160
strategize out-of-the-box interfaces;Argentina;12769;412;142
scale cross-platform mindshare;Bahamas;19546;972;75
syndicate revolutionary infrastructures;Nauru;9535;628;173
facilitate dynamic markets;Belarus;11308;100;136
transform sticky niches;Madagascar;16577;674;122
implement magnetic experiences;Canada;14246;306;117
target revolutionary supply-chains;Zimbabwe;11755;270;124
leverage leading-edge initiatives;Gabon;10464;272;84
facilitate scalable solutions;Myanmar;14165;108;105
enable granular deliverables;Belgium;19168;997;149
harness holistic platforms;Palau;11183;914;7
enable granular technologies;Andorra;12267;112;142
redefine holistic e-commerce;Yemen;5228;484;178
deliver customized infrastructures;Grenada;19309;637;38
deliver killer initiatives;Tonga;17173;459;99
embrace magnetic communities;Mongolia;19246;881;131
syndicate clicks-and-mortar ROI;Latvia;12336;626;102
engage B2C eyeballs;Zimbabwe;13087;549;194
e-enable frictionless metrics;Spain;10481;586;15
iterate vertical e-business;Liberia;14963;895;193
strategize compelling e-services;Germany;14743;333;89
grow best-of-breed content;Uzbekistan;14282;918;171
evolve leading-edge deliverables;Taiwan;13780;474;92
generate rich vortals;Singapore;19588;105;169
incubate integrated communities;Grenada;18326;337;182
streamline web-enabled eyeballs;Ghana;10152;190;178
architect strategic interfaces;Bahamas;11698;873;53
whiteboard best-of-breed solutions;Egypt;6002;629;23
strategize seamless models;Samoa;14226;206;124
matrix e-business eyeballs;Macedonia;15660;403;121
incentivize visionary users;Fiji;7161;944;152
transition user-centric architectures;Bhutan;9187;674;122
redefine innovative e-business;Ukraine;8359;92;22
engage frictionless mindshare;Vanuatu;15352;422;72
enable frictionless partnerships;Libya;5054;178;155
leverage bleeding-edge e-markets;Chile;11243;651;191
matrix killer e-commerce;Chile;15941;324;41
transition enterprise action-items;Germany;7202;182;50
morph enterprise e-markets;Namibia;11975;156;115
utilize customized web-readiness;Armenia;15403;37;88
utilize interactive eyeballs;Serbia;16327;298;95
strategize dot-com e-business;Luxembourg;17552;633;111
syndicate global experiences;Cyprus;18779;368;5
brand mission-critical infrastructures;Vietnam;8866;89;173
re-contextualize dot-com ROI;Mauritania;16017;107;72
expedite cross-platform systems;Ghana;19110;511;56
matrix scalable convergence;Mauritius;14617;194;152
scale end-to-end niches;Thailand;19002;784;173
streamline impactful functionalities;Argentina;8695;271;35
leverage magnetic web services;Kyrgyzstan;9832;971;65
mesh collaborative e-services;Romania;9175;675;136
aggregate cutting-edge paradigms;Togo;11111;18;49
envisioneer impactful technologies;Nicaragua;17888;324;59
extend one-to-one initiatives;Australia;10024;805;198
re-contextualize 24/7 e-business;Tanzania;5309;754;24
maximize ubiquitous relationships;Brazil;6136;679;91
evolve back-end platforms;Liberia;19066;21;25
envisioneer back-end paradigms;Denmark;14002;73;6
streamline bricks-and-clicks interfaces;Namibia;15805;486;118
exploit dot-com bandwidth;Zimbabwe;11440;113;176
incubate real-time relationships;India;12936;850;120
aggregate dot-com ROI;Lebanon;9406;412;132
transition B2B e-services;Nauru;18415;587;43
disintermediate compelling metrics;Yemen;19927;864;146
seize bricks-and-clicks portals;Botswana;12052;441;104
strategize intuitive infrastructures;Jordan;15690;330;100
visualize bleeding-edge experiences;Barbados;15714;36;155
transform dot-com web-readiness;Bolivia;15587;389;55
grow integrated paradigms;Pakistan;17185;95;153
maximize efficient convergence;Nepal;9675;127;79
matrix seamless synergies;Fiji;16380;61;49
architect next-generation web-readiness;Belarus;5775;750;71
revolutionize open-source initiatives;Serbia;5651;812;122
embrace mission-critical vortals;Oman;13725;605;115
syndicate distributed architectures;Iraq;11962;231;116
innovate synergistic experiences;Honduras;6247;820;191
optimize back-end methodologies;Estonia;18645;977;82
optimize B2C niches;Iran;6606;981;48
monetize enterprise paradigms;Pakistan;18283;729;49
benchmark scalable systems;Pakistan;16118;143;14
utilize transparent action-items;Azerbaijan;19007;763;179
engineer viral methodologies;Hungary;18121;274;178
enable web-enabled paradigms;Chile;7856;819;6
aggregate global synergies;Finland;7921;226;155
productize B2C markets;Jordan;13133;663;21
morph impactful metrics;Palestine;8846;468;195
engineer value-added solutions;Peru;11427;106;18
optimize synergistic e-tailers;Chad;11438;242;133
enhance ubiquitous networks;Iran;12391;650;137
integrate open-source methodologies;Namibia;12022;102;141
deploy viral e-tailers;Angola;5977;134;120
seize transparent deliverables;Paraguay;12812;583;19
exploit rich e-commerce;Burundi;10497;59;132
orchestrate enterprise metrics;Australia;18209;119;89
optimize dot-com functionalities;Guyana;8785;805;140
exploit scalable info-mediaries;Slovenia;17849;910;2
innovate value-added content;Andorra;19407;814;112
