aggregate holistic e-tailers;Australia;Sol King;1991;582
extend seamless users;Mali;Domenic Arnold;1987;654
disintermediate plug-and-play models;Hungary;Dominique Robinson;1990;1439
exploit killer convergence;Togo;Ira Farmer;1987;609
benchmark out-of-the-box platforms;Serbia;Diego Mullins;1958;563
transition virtual solutions;Tanzania;Gonzalo Williamson;1957;519
embrace bricks-and-clicks functionalities;Armenia;Rene Delgado;1974;198
utilize dot-com deliverables;Japan;Tiesha Mccray;1993;1115
revolutionize plug-and-play schemas;Guyana;Kurtis Kirk;1961;1424
benchmark vertical convergence;Mexico;Bari Barr;1965;822
redefine cutting-edge networks;Brazil;Arden Velez;1984;476
extend end-to-end bandwidth;Swaziland;Benedict Walters;1991;1416
synthesize scalable synergies;Bhutan;Sydney Roy;1976;368
drive open-source experiences;Lithuania;Na Brooks;1992;315
evolve one-to-one functionalities;Bahamas;Michiko Bray;1985;805
monetize user-centric convergence;Jamaica;Rana Parker;1997;691
strategize global bandwidth;The Gambia;Daniell Craig;1969;688
deliver holistic deliverables;Tonga;Denny Moses;1976;108
utilize virtual niches;Bahamas;Elden Hines;1973;716
incubate impactful action-items;Syria;Kai Ratliff;1971;1500
innovate cross-media markets;Uganda;Jeanett Daniel;1953;421
e-enable wireless initiatives;Portugal;Deon Love;1954;616
streamline proactive systems;Portugal;Josh Barnes;2000;740
productize real-time mindshare;Uruguay;Earl Griffin;1955;684
incentivize interactive technologies;Chad;Zana Pearson;1967;500
reinvent innovative architectures;Syria;Loralee Goff;1957;197
seize killer e-services;Andorra;Cyrus Pena;1962;131
reinvent leading-edge partnerships;Lithuania;Haywood Watson;1950;719
iterate rich content;Mali;Kyle Booth;1966;1370
incentivize back-end paradigms;Monaco;Abram Gonzales;1961;473
re-intermediate transparent mindshare;Chile;Layla Lara;1966;836
synthesize next-generation e-commerce;East Timor;Marc Brown;1989;1069
empower robust initiatives;Kyrgyzstan;Lonny Henry;1963;320
matrix bricks-and-clicks e-tailers;Jordan;Von Sargent;1962;1486
transition vertical action-items;Bulgaria;Jacques Short;1976;540
envisioneer one-to-one metrics;Togo;Hassan Sandoval;1953;1273
embrace innovative vortals;Slovenia;Van Maldonado;1983;1281
enhance virtual bandwidth;Suriname;Gerardo Jacobson;1959;926
productize mission-critical schemas;Lesotho;Dacia Lindsay;1988;243
brand sticky e-markets;Oman;Sarina Lang;1969;459
synthesize compelling ROI;Latvia;Jodee Ramirez;1956;491
deliver frictionless web-readiness;Bahamas;Ellan Carr;1970;1151
e-enable out-of-the-box e-tailers;Belize;Leonard Savage;1959;1229
grow cross-media niches;Serbia;Olin Rosales;1963;1247
unleash ubiquitous networks;India;Bee Lara;1966;336
utilize virtual users;Tonga;Margrett Walton;1997;521
re-intermediate granular bandwidth;San Marino;Zane Adams;1950;435
harness magnetic ROI;Austria;Cheree Ellison;1960;1279
deploy visionary e-commerce;Peru;Terrence Newton;1951;737
benchmark rich info-mediaries;Lebanon;Lynn Whitaker;1981;168
benchmark leading-edge web services;Niger;Abel Conway;1996;1070
seize innovative systems;Algeria;Dale Joseph;1979;334
orchestrate interactive relationships;Ukraine;Brinda Sears;1999;504
morph wireless communities;Australia;Pearle Bauer;1955;746
harness e-business metrics;Kazakhstan;Lynn Emerson;1964;960
aggregate transparent web-readiness;Belize;Harrison Colon;1953;168
expedite granular users;Belize;Risa Mckee;1987;180
empower B2C applications;Malawi;Lemuel Talley;1959;378
evolve clicks-and-mortar markets;Slovenia;Catherina Mendez;1996;1183
engineer wireless portals;Malaysia;Sirena Cobb;1956;1101
deliver frictionless e-services;France;Luigi Walton;1964;1349
synergize clicks-and-mortar methodologies;The Gambia;Merlyn Cain;1977;1238
unleash rich platforms;Sweden;Jenell Sullivan;1963;700
architect bleeding-edge mindshare;Lebanon;Dennis Matthews;1961;1010
implement sticky e-markets;Angola;Lynn Swanson;1955;1336
drive viral content;Peru;Diego Evans;1962;1442
engineer 24/365 e-tailers;Morocco;An Berger;1991;990
productize out-of-the-box e-services;Cameroon;Sang Lara;1964;1203
evolve killer content;Cuba;Tianna William;1975;561
reinvent compelling e-commerce;Honduras;Felton Ratliff;1979;369
matrix one-to-one e-commerce;Tunisia;Fe Robbins;1984;1200
synthesize cross-platform e-services;Peru;Emmitt Harrington;1980;1211
mesh global architectures;Kiribati;Odis Barry;1998;306
maximize dynamic web-readiness;Nigeria;Doreatha Gallagher;1994;1239
engage innovative experiences;Indonesia;Julietta Allen;1976;1317
maximize 24/365 users;Nigeria;Salome Norman;1996;1416
redefine holistic networks;Guyana;Theodore Dillard;1996;1132
target transparent platforms;Chile;Tyler Potts;1997;145
transition integrated communities;Portugal;Broderick Head;1954;568
expedite mission-critical users;Algeria;Herbert Larsen;1977;1104
optimize dot-com convergence;Sri Lanka;Lawrence Franks;1959;695
cultivate scalable info-mediaries;Niger;German Bernard;1987;1037
re-contextualize visionary e-commerce;Slovakia;Willis Frost;1995;1201
iterate next-generation paradigms;Oman;Aundrea Kelly;1957;721
engage synergistic action-items;Mozambique;Domonique Hubbard;1968;1407
maximize compelling niches;Kazakhstan;Jeneva Nichols;1981;249
evolve real-time metrics;Palestine;Sebrina Sutton;1990;1370
maximize magnetic architectures;Vanuatu;Chad Robles;1957;869
facilitate real-time e-markets;Pakistan;Malisa Roy;1982;395
enable real-time applications;Guinea;Carl Avila;1998;1139
embrace magnetic schemas;Sri Lanka;Joey Stone;1966;1061
maximize efficient vortals;Djibouti;Mathilde Davidson;1966;371
drive user-centric mindshare;Nicaragua;Jewell Long;1976;1114
exploit efficient networks;Benin;Arletta Middleton;1966;220
reinvent extensible e-services;Malawi;Yolande Pickett;1993;525
re-intermediate plug-and-play web-readiness;Grenada;Herbert Estes;1997;890
engineer innovative e-tailers;Cape Verde;Wyatt Shepherd;1960;1130
syndicate vertical mindshare;Sweden;Isidro Riggs;1982;1016
enhance holistic relationships;Belarus;Delmar Leach;1972;1494
incentivize B2C supply-chains;Romania;Garth Cabrera;1966;891
drive cross-platform info-mediaries;Mexico;Perry Hester;1957;161
target 24/7 web-readiness;India;Calista Osborne;1968;139
deploy front-end technologies;Tuvalu;Maurice Harrison;1994;402
facilitate B2B convergence;Paraguay;King Cardenas;1966;1026
unleash out-of-the-box e-tailers;Cameroon;Earnest Faulkner;1963;812
monetize cross-platform e-services;Andorra;Conrad Rodriquez;1999;1330
implement plug-and-play convergence;Palestine;Laverne Mullins;1997;324
whiteboard one-to-one users;Kazakhstan;Austin Glass;1988;176
reinvent value-added mindshare;Macedonia;Gabriel Riddle;1973;1445
repurpose next-generation e-business;Tajikistan;Jenice Valenzuela;1975;468
productize cross-platform systems;Brazil;Samual Green;1998;308
engineer cross-media supply-chains;Malawi;Johnathon House;1998;713
leverage visionary synergies;Comoros;Deangelo Higgins;1985;586
engage innovative relationships;Tuvalu;Wiley Cunningham;1954;1338
cultivate scalable networks;Finland;Marlin Perez;1963;608
architect B2B eyeballs;Venezuela;Ernie Byrd;1955;570
syndicate next-generation infrastructures;India;Delmer Gaines;1963;1032
unleash revolutionary convergence;Argentina;Chi Hendricks;1988;1247
expedite global niches;Cyprus;Marcelino Mooney;1953;530
enable plug-and-play e-services;Peru;Johnnie O'donnell;1980;231
benchmark next-generation channels;Latvia;Melaine Burnett;1993;115
enable best-of-breed e-commerce;Venezuela;Sheba Nolan;1981;681
empower 24/365 bandwidth;Nicaragua;Kasi Blevins;1993;1441
cultivate vertical initiatives;Cameroon;Armando Miller;1991;1095
monetize viral action-items;Nicaragua;Jules Vega;1972;1408
expedite holistic bandwidth;Eritrea;Tyron Hamilton;2000;369
visualize viral technologies;Botswana;Laurine Keller;1991;1062
syndicate frictionless applications;Australia;Clifford Orr;1994;381
leverage synergistic e-tailers;Liberia;Fernando House;1979;455
target rich schemas;Hungary;Carmine Middleton;1971;247
scale holistic solutions;Botswana;Mozell Cline;1997;611
enhance interactive e-markets;Comoros;Lewis Haley;1956;355
integrate turn-key e-markets;Moldova;Guadalupe Chambers;1964;476
optimize cutting-edge interfaces;Italy;Austin Chan;1993;1275
cultivate viral niches;Myanmar;Maryland Webb;1979;574
e-enable innovative communities;Japan;Manuel Salinas;1972;1155
deploy world-class deliverables;Sudan;Tynisha Sullivan;1987;610
evolve granular models;Malta;Dominque Donovan;1969;151
iterate sticky paradigms;Sri Lanka;Madelaine Acevedo;1954;999
monetize transparent metrics;Chad;Dominique Ochoa;1956;379
leverage bricks-and-clicks applications;Eritrea;Leandro Potts;1978;941
benchmark visionary e-tailers;Yemen;Shalanda Castro;1953;996
orchestrate synergistic content;Eritrea;Monroe Hale;1964;858
incubate synergistic initiatives;Malawi;Jacquetta Christensen;1970;771
implement bricks-and-clicks architectures;Ethiopia;Stefan Herrera;1958;1080
facilitate transparent metrics;Comoros;Isaac Gilliam;1976;887
reinvent 24/365 web services;Seychelles;Alberto Simpson;1983;1259
generate dynamic e-markets;Turkey;Ta Craft;1952;1441
evolve frictionless e-business;Moldova;Theodore Jacobs;1968;1393
mesh virtual channels;Mexico;Trevor Camacho;1953;1022
seize visionary models;Palestine;Hilton Glover;1987;531
architect e-business info-mediaries;Cyprus;Angelena Patrick;1977;451
unleash cross-platform solutions;Estonia;Mafalda Benjamin;1990;1432
embrace visionary mindshare;Slovenia;Larraine Everett;1991;746
generate compelling bandwidth;Montenegro;Savanna Whitley;1994;1415
innovate synergistic paradigms;Japan;Erin Nunez;1991;1121
aggregate front-end portals;Taiwan;Rolf Donovan;1996;1432
grow end-to-end platforms;Sudan;Lynell Walton;1960;1061
redefine front-end supply-chains;Guyana;Vallie Mejia;1972;1287
streamline front-end solutions;Turkey;Veta Mcclain;1985;151
drive dot-com platforms;Greece;Earl Stark;1999;1407
brand bricks-and-clicks e-commerce;Morocco;Rex Dyer;1950;793
redefine mission-critical eyeballs;Cape Verde;Devin Shields;1983;1398
re-contextualize e-business metrics;Sweden;Gustavo Pratt;1955;916
synthesize value-added experiences;Namibia;Asa Morin;1980;1355
maximize plug-and-play networks;Serbia;Zenobia Finch;1970;252
seize holistic communities;Malaysia;Alton Miller;1961;872
iterate vertical systems;Uzbekistan;Irvin Torres;1952;451
revolutionize wireless technologies;San Marino;Pete Downs;1963;606
e-enable next-generation architectures;Bangladesh;Giuseppe Riggs;1968;806
seize virtual architectures;Fiji;Devorah Armstrong;1978;214
seize ubiquitous methodologies;Malaysia;Dario Ray;1982;565
architect open-source technologies;Bolivia;Scott Moreno;1964;949
mesh e-business bandwidth;Cameroon;Eli Gay;1970;473
re-contextualize extensible technologies;Argentina;Gregory Carroll;1971;498
enhance leading-edge architectures;Poland;Madaline Sexton;1989;556
synthesize vertical experiences;Maldives;Santana Washington;1983;1223
grow value-added functionalities;Taiwan;Kathline French;2000;762
re-intermediate leading-edge mindshare;East Timor;Ward Hammond;1990;627
whiteboard rich communities;Libya;Jacquiline Dominguez;1987;887
aggregate one-to-one solutions;Palestine;Stephane Ochoa;1973;1279
drive wireless platforms;Senegal;Henry Wooten;1981;1230
matrix global action-items;Kenya;Matthew Haley;1980;1368
orchestrate integrated web-readiness;Comoros;Wilbur Mccall;1955;144
exploit best-of-breed portals;Monaco;Merlin Ferrell;1955;183
e-enable transparent info-mediaries;Oman;Cristopher Wong;1956;1243
e-enable sticky platforms;Panama;Santiago Albert;1992;544
incentivize distributed synergies;Austria;Emile Galloway;1972;1284
exploit strategic ROI;Colombia;Arla Lewis;1971;442
re-contextualize front-end schemas;Swaziland;Loria Cameron;1980;1426
enhance one-to-one communities;Myanmar;Marlon Clay;1955;1102
empower bleeding-edge relationships;Colombia;Kory Burton;1965;527
innovate open-source channels;Tunisia;Ezekiel Rollins;1996;977
engage dynamic e-services;Montenegro;Mac Glenn;1999;314
iterate turn-key metrics;Egypt;Jamal Norris;1999;214
exploit B2B ROI;Slovenia;Thi Stout;1961;423
streamline proactive supply-chains;Niger;Amira Rojas;1988;1018
repurpose cutting-edge schemas;Italy;Krystin Joyner;1984;915
optimize best-of-breed deliverables;Sri Lanka;Steven Marks;1980;175
benchmark clicks-and-mortar models;Eritrea;Nelia Mcfarland;1976;1242
enhance compelling initiatives;Somalia;Tien Jordan;1953;357
evolve integrated portals;Tuvalu;Vern Love;1994;104
productize open-source e-markets;Barbados;Isiah Stevenson;1953;205
generate cross-platform initiatives;Uruguay;Darrel Sweeney;1971;1196
repurpose bricks-and-clicks portals;Guinea;Synthia Leonard;1952;1444
innovate 24/7 solutions;Greece;Lanora Levy;1978;243
innovate visionary schemas;Guinea;Sindy Hughes;1962;439
expedite back-end e-markets;Guyana;Zetta Cain;1984;925
whiteboard visionary web services;Mozambique;Grover Herring;1981;324
transition dot-com technologies;Haiti;Ka Guerrero;1998;1191
utilize open-source systems;Cambodia;Jack Hammond;1962;512
facilitate cross-platform e-tailers;Monaco;Beula White;1984;1444
exploit turn-key communities;Zambia;Ivan Hyde;1962;868
optimize interactive architectures;Monaco;Ethan Warner;1984;217
utilize 24/7 e-markets;Poland;Renda Deleon;1957;713
implement B2C functionalities;Kyrgyzstan;Hilton Maynard;1969;324
embrace plug-and-play networks;Kenya;Benton Gould;1955;1147
redefine distributed models;Libya;Johnny Castaneda;1962;1135
strategize transparent e-tailers;Cameroon;Gilbert Bean;1981;213
matrix seamless action-items;Burundi;Lucrecia Mcintyre;2000;422
orchestrate back-end initiatives;Macedonia;Donald Guerra;1972;1241
productize seamless vortals;Costa Rica;Tenisha Gonzalez;1971;370
incentivize innovative vortals;Lebanon;Eduardo Wiggins;1986;1231
strategize open-source web-readiness;Sudan;Roman Hancock;1958;694
expedite back-end models;Tuvalu;Jeffie Santos;1972;1211
optimize scalable functionalities;Uganda;Weldon Mcdowell;1996;198
evolve sticky networks;Serbia;Maybell Britt;1954;143
repurpose 24/365 architectures;Senegal;Letty Chang;1970;1126
exploit innovative mindshare;Kiribati;Shawanna Page;1962;550
re-contextualize enterprise convergence;Sudan;Joselyn Reyes;1990;1117
unleash ubiquitous channels;Germany;Pamella Guthrie;1998;1458
reinvent wireless applications;The Gambia;Eloy Morris;1995;1274
engage holistic e-commerce;Kenya;Erin Ayala;1977;530
envisioneer 24/7 vortals;Turkey;Octavio Sexton;1977;1499
re-contextualize seamless infrastructures;Mexico;Karl Howell;1986;918
morph 24/365 networks;Ecuador;Merna Watts;1977;192
integrate synergistic interfaces;Romania;Leanora Massey;1983;104
embrace integrated initiatives;Gabon;Hank Key;1981;594
visualize robust models;Guinea;Devin Rosales;1958;1467
evolve B2C niches;Jordan;Clotilde Ball;1959;1156
empower leading-edge eyeballs;Djibouti;Joie Whitehead;1963;743
utilize back-end experiences;Botswana;Kaycee Kerr;1990;794
expedite plug-and-play models;Indonesia;Inocencia Hensley;1987;422
empower one-to-one systems;Sweden;Sharie Mclaughlin;1980;1277
matrix impactful interfaces;Malaysia;Tatyana Baxter;1986;1177
synthesize back-end platforms;Djibouti;Suanne Lopez;1991;1280
streamline one-to-one mindshare;Azerbaijan;Jarod Griffith;1980;293
monetize cross-platform platforms;India;Francesco Melendez;1951;1203
integrate strategic functionalities;Estonia;Augustus Burris;1993;1115
cultivate wireless technologies;Monaco;Magdalen Haney;1974;242
target enterprise synergies;Mauritius;Elvis Craft;1965;869
grow front-end systems;Thailand;Grant Hale;1972;165
syndicate clicks-and-mortar portals;Burundi;Fausto Lindsay;1953;840
target dynamic niches;Panama;Nathanael Hull;1963;1492
facilitate synergistic infrastructures;Nepal;Jonell Page;1962;1082
enhance extensible schemas;Kazakhstan;Jay Copeland;2000;942
synergize compelling methodologies;Venezuela;Royce Randall;1974;128
grow strategic e-services;Algeria;Candra Butler;1976;1194
matrix compelling action-items;Cape Verde;Miguel Padilla;1963;197
synergize web-enabled paradigms;Maldives;Issac Solis;1986;473
enable out-of-the-box solutions;Burundi;Arletta Bowers;1969;1059
redefine plug-and-play partnerships;Canada;Chang Sosa;1954;1158
target dot-com channels;Mongolia;Hwa Faulkner;1972;1345
productize next-generation bandwidth;Macedonia;Tyree Potts;1987;1500
maximize wireless content;San Marino;Stacey Pope;1993;838
unleash next-generation architectures;Argentina;Tashina Carney;1975;1448
syndicate innovative functionalities;Jordan;Justin Hansen;1960;1339
engage rich markets;Iceland;Hildegarde Farmer;1981;532
integrate user-centric web-readiness;Portugal;Gaston Mcclain;1985;980
envisioneer one-to-one solutions;Albania;Hilario Hendrix;1950;547
transition intuitive supply-chains;Serbia;Fernando Singleton;1952;275
drive e-business models;East Timor;Logan Walker;1980;570
synthesize proactive info-mediaries;Morocco;Bryan Randall;1987;644
engineer out-of-the-box experiences;Greece;Jerica Norman;1958;1132
drive cross-media e-markets;Pakistan;Melvin Gonzalez;1995;1170
envisioneer customized technologies;India;Laveta Allison;1978;1334
revolutionize front-end infrastructures;Angola;Georgann Horn;1962;655
re-intermediate ubiquitous metrics;Tajikistan;Edison Keith;1969;648
e-enable impactful users;Morocco;Libbie Mitchell;1996;615
whiteboard killer experiences;Ecuador;Willy Sparks;1980;451
generate proactive portals;Cuba;Whitney Kirkland;1976;722
maximize value-added users;Mali;Ambrose Waters;1994;304
optimize synergistic platforms;Azerbaijan;Louie Snow;1978;932
deploy next-generation e-markets;Morocco;Leandro Shepherd;1976;264
enable value-added portals;Guyana;Lucio Roach;1953;957
utilize back-end communities;Kiribati;Earnest Myers;1957;1350
productize efficient e-tailers;Bahamas;Kiyoko O'neil;1960;205
benchmark viral synergies;Austria;Hien Caldwell;1969;457
brand out-of-the-box synergies;Malta;Jefferey Shannon;1983;1477
scale distributed e-business;Morocco;Donald Stevenson;1950;459
expedite intuitive communities;East Timor;Collin Huff;1973;1264
target one-to-one e-business;Malta;Colby Hester;1978;861
facilitate best-of-breed eyeballs;Morocco;Felton Donovan;1996;194
cultivate collaborative infrastructures;Iraq;Cassy Harris;1977;995
repurpose mission-critical bandwidth;Kyrgyzstan;Terry Gonzales;1956;1298
syndicate revolutionary supply-chains;Angola;Hubert Owen;1966;1052
utilize efficient solutions;Russia;Le Alvarado;1980;434
productize dynamic synergies;Armenia;Otto Solomon;1986;1004
empower innovative bandwidth;Algeria;Graig Rosa;1955;1095
transform mission-critical ROI;Peru;Zada Hodge;1962;1295
monetize cross-platform technologies;Ecuador;Lauren Kline;1959;791
streamline intuitive ROI;Mauritius;Adolph Butler;1996;207
enable real-time users;Mauritius;Ji Kemp;1986;173
orchestrate synergistic e-business;Argentina;Anjanette Haynes;1999;1340
strategize B2B models;Uruguay;Angel Cooper;1964;551
aggregate plug-and-play portals;Tanzania;Jeffrey Mcdaniel;1980;548
extend wireless markets;Russia;Aja Anderson;1985;630
re-intermediate value-added methodologies;Cyprus;Cordia Price;1985;284
streamline granular convergence;India;George Calderon;1950;626
cultivate sticky applications;Ukraine;Shonta Trevino;1980;285
evolve real-time models;Norway;Houston Hale;1990;841
orchestrate front-end e-commerce;Madagascar;Lenard Johnson;1975;1435
unleash efficient methodologies;Uruguay;Lenita Oliver;1964;850
envisioneer B2B action-items;Canada;Jon Bernard;1961;525
disintermediate cross-platform ROI;India;Yen Brady;1971;561
re-intermediate compelling experiences;Venezuela;Tamie Hill;1963;1159
maximize B2C systems;Seychelles;Jazmine Wagner;1991;432
re-intermediate next-generation relationships;Gabon;Ryan Hayden;1991;878
incentivize plug-and-play networks;Australia;Eustolia Shepherd;1979;194
re-contextualize bricks-and-clicks vortals;Cuba;Toney Boone;1996;341
e-enable bleeding-edge convergence;Ecuador;Cory Buchanan;1954;163
synthesize distributed synergies;Portugal;Denese Shaffer;1956;759
syndicate e-business users;Honduras;Danny Pace;1986;630
reinvent compelling e-markets;Syria;Morgan Peterson;1978;341
scale frictionless platforms;Botswana;Morton Smith;1973;839
drive rich channels;Algeria;Emerson Owens;1998;1170
incubate plug-and-play portals;Mexico;Chase Lowery;1969;1264
mesh ubiquitous models;Bhutan;Ellamae Bryan;1986;611
leverage dynamic metrics;Bangladesh;Howard Bowen;1964;1047
target compelling schemas;Gabon;Madelaine Charles;1997;590
architect e-business vortals;Serbia;Lurlene Cooke;2000;814
redefine bleeding-edge channels;Tunisia;Leo Holden;1983;1332
evolve dynamic convergence;Turkey;Emerald Tyler;1995;414
generate dynamic schemas;Pakistan;Rogelio Beach;1972;458
seize cutting-edge schemas;Mozambique;Shemika Colon;1988;219
transform strategic e-commerce;Nigeria;Rafael Ferrell;1954;1386
reinvent integrated bandwidth;Iceland;Ezekiel Morgan;2000;1427
synergize clicks-and-mortar architectures;Israel;Shay Moran;1995;1046
synergize scalable channels;Uganda;Tish Schroeder;1967;545
enhance impactful web-readiness;Syria;Bart Weeks;1969;1259
synthesize dot-com bandwidth;Armenia;Dana Carney;1960;259
expedite innovative web-readiness;Nicaragua;Julee Garrett;1982;1239
generate user-centric metrics;Colombia;Nakita Trevino;1994;386
disintermediate user-centric applications;Montenegro;Hilma Grimes;1992;191
aggregate cutting-edge markets;Iraq;Shawana Baker;1953;193
monetize cross-media models;Oman;Murray Robinson;1961;369
syndicate holistic initiatives;Dominica;Garrett Mathis;1991;1432
cultivate sticky vortals;Bhutan;Henry Coffey;1983;1497
synergize scalable action-items;Mauritania;Rocco Torres;1985;792
reinvent innovative supply-chains;Portugal;Brice Mercer;1997;217
disintermediate leading-edge portals;Tuvalu;Caroll Michael;1954;182
drive vertical paradigms;Serbia;Brian Russo;1963;1421
scale 24/365 mindshare;Palestine;Layne Nielsen;1982;936
streamline compelling communities;Mexico;Bertram Walls;1961;1117
redefine B2B infrastructures;Cyprus;Harry Mendoza;2000;1286
extend bricks-and-clicks users;Iraq;Adrian Davenport;1969;474
exploit clicks-and-mortar users;Nepal;Jimmy Hinton;1977;1132
maximize proactive niches;Cyprus;Joye Ray;1953;117
enable vertical e-commerce;Swaziland;Kevin Woodard;1956;780
cultivate 24/7 action-items;Cambodia;Arturo Sparks;1953;501
iterate web-enabled eyeballs;Andorra;Alejandro Colon;1965;272
utilize B2B e-business;Togo;Gino Ochoa;1977;231
implement value-added markets;Samoa;Christoper Bowen;1977;1112
maximize user-centric web services;Oman;Fermina Ortiz;1992;1413
e-enable mission-critical synergies;Lebanon;Bee Landry;1982;1199
exploit bricks-and-clicks channels;Barbados;Regine Lynch;1994;1110
integrate viral deliverables;Costa Rica;Omer Coffey;1960;530
transition back-end metrics;Lesotho;Ping Walker;1960;1200
implement e-business methodologies;Malawi;Gary Orr;2000;1429
enhance wireless niches;Eritrea;Krystina Hewitt;1993;789
innovate turn-key e-tailers;Ethiopia;Claudio Duke;1974;822
envisioneer efficient solutions;Laos;Korey Roman;1983;905
cultivate killer architectures;Mali;Lenard Knapp;1961;362
engineer killer schemas;Namibia;Elease Sandoval;1987;582
mesh 24/7 info-mediaries;Ukraine;Nickie Morse;1957;967
re-intermediate 24/7 solutions;Suriname;Erwin Weeks;1988;1086
enhance distributed deliverables;Uzbekistan;Leonardo Faulkner;1992;1461
re-contextualize innovative applications;Tanzania;Sterling Gates;1980;543
utilize holistic eyeballs;Lesotho;Manual Harmon;1970;1005
architect next-generation initiatives;Maldives;Zackary Wall;1980;904
seize customized niches;Slovakia;Deedra Kramer;1960;1017
visualize distributed channels;Bulgaria;Winfred Middleton;1989;716
embrace cross-platform channels;Serbia;Rhona Barry;1967;610
scale seamless e-commerce;Poland;Rueben Morse;1982;1360
repurpose 24/365 convergence;Morocco;Isiah Rich;1977;1047
aggregate real-time relationships;Uruguay;Francis Edwards;1991;579
morph value-added info-mediaries;Eritrea;Kit Aguilar;1951;244
incentivize user-centric relationships;Eritrea;Jessi Rich;1974;1046
deploy 24/365 networks;Chile;Ethyl Alvarado;1955;1387
orchestrate compelling convergence;Croatia;Jed Spears;1958;197
whiteboard interactive e-commerce;Barbados;Granville Hicks;1963;496
evolve killer bandwidth;Jamaica;Ashlyn Sharpe;1971;748
deliver extensible synergies;Haiti;Shane Blackwell;1955;936
seize e-business portals;Slovakia;Antonia Nielsen;1959;1005
synergize cross-media mindshare;Rwanda;Perry Gilliam;1990;1481
unleash dot-com eyeballs;Portugal;Dalila Madden;1997;354
disintermediate bricks-and-clicks portals;Guatemala;Filiberto Yates;1959;1233
revolutionize B2B experiences;Spain;Marcell Guthrie;1999;846
leverage value-added portals;The Gambia;Clyde Maynard;1960;305
morph 24/365 synergies;Iran;Giuseppina Brewer;1954;242
brand interactive e-commerce;Australia;Calvin Nichols;1967;534
deploy robust platforms;Estonia;Lazaro Bradshaw;1953;317
scale frictionless mindshare;Slovakia;Myles Glenn;1985;648
synthesize user-centric schemas;Bulgaria;Hilaria Henry;1980;471
deliver magnetic e-tailers;Uruguay;Concha Bolton;1966;548
scale innovative users;Lesotho;Denae Patel;1970;1348
morph interactive niches;Slovakia;Genny Roth;1979;848
envisioneer dynamic infrastructures;Israel;Katlyn O'connor;1995;698
aggregate best-of-breed e-services;The Gambia;Marline Stanton;1984;1024
re-contextualize plug-and-play convergence;Kenya;Rosamond Norman;1986;1466
leverage 24/7 solutions;Qatar;Miguel Dickerson;1986;859
deploy transparent platforms;Morocco;Lauralee Hinton;1985;230
deliver proactive portals;Luxembourg;Collin King;1960;639
enhance dot-com metrics;Brazil;Hugh Schroeder;1978;366
transform user-centric convergence;Italy;Jackson Merrill;1972;1149
enable turn-key content;Senegal;Eugenio Britt;1991;937
strategize end-to-end solutions;Slovenia;Irish Hutchinson;1976;229
re-contextualize magnetic e-business;Fiji;Reiko Oliver;1991;1099
leverage real-time channels;Georgia;Tajuana Pate;1977;856
productize robust vortals;Tajikistan;Yvone Mckenzie;1950;1341
redefine seamless ROI;Malta;Joesph Langley;1964;1108
facilitate real-time models;Slovakia;Zack Kirby;1958;1043
iterate revolutionary web services;Laos;Jamey Gardner;1961;261
unleash dot-com niches;Zambia;Rigoberto Mcdaniel;1964;1155
embrace B2C info-mediaries;Bolivia;Jeffery Glenn;1962;1451
strategize open-source e-markets;Iran;Lynelle Wallace;1956;319
strategize next-generation metrics;Guinea;Wiley Arnold;1956;845
syndicate bleeding-edge interfaces;Vietnam;Kyoko Mendez;1990;209
visualize 24/7 interfaces;Mozambique;Ignacio Petty;1995;346
deliver back-end supply-chains;Indonesia;Brent Valenzuela;1989;1482
brand visionary e-services;Malawi;Salvatore Curtis;1967;398
generate mission-critical e-commerce;Honduras;Tari Baxter;1963;822
unleash 24/7 solutions;Swaziland;Teofila Macdonald;1978;733
iterate sticky synergies;Ukraine;Mika Marquez;1991;738
implement B2B architectures;Australia;Ken Mendez;1959;526
aggregate extensible paradigms;Finland;Doyle Owens;1977;197
enhance best-of-breed eyeballs;Maldives;Raina Parrish;1965;1083
revolutionize enterprise markets;Bahrain;Willetta Joyce;1957;742
streamline dynamic schemas;Tanzania;Tari Camacho;1973;1054
utilize strategic channels;Nicaragua;Deandre Herman;1987;1315
seize leading-edge partnerships;Iraq;Jc Slater;1971;705
synthesize 24/365 e-tailers;Japan;Irina Rivera;1968;1237
re-contextualize plug-and-play synergies;Latvia;Danuta Orr;1970;243
exploit leading-edge applications;Macedonia;Pamella Hobbs;1968;431
repurpose world-class action-items;Gabon;Oscar Miles;1957;424
leverage synergistic convergence;Belize;Roosevelt Maddox;1995;238
streamline holistic action-items;Myanmar;Logan Rosa;1994;617
re-intermediate world-class info-mediaries;Qatar;Zonia Ferrell;1975;1446
empower granular users;Andorra;Tim Gregory;1960;581
enhance vertical technologies;Nigeria;Bernardo Kane;2000;345
incentivize distributed convergence;Luxembourg;Annabell Winters;2000;333
synthesize visionary solutions;Malawi;Kevin Gay;1977;580
brand scalable channels;Azerbaijan;Tory Patel;1967;874
seize turn-key experiences;Moldova;Reginald Weeks;1955;951
facilitate distributed niches;Yemen;Rosario Pacheco;1969;526
mesh open-source relationships;Vanuatu;Alvaro Grimes;1955;457
engage intuitive communities;Jordan;Jaquelyn Thornton;1981;1335
target collaborative architectures;Portugal;Rod Armstrong;1976;1428
orchestrate rich applications;Poland;Carlee Cain;1960;198
matrix strategic models;Israel;Ignacio Gibson;1966;808
incentivize seamless channels;Mozambique;Rhona Roach;1985;1381
disintermediate web-enabled synergies;Tanzania;Morris Mercer;1979;1008
productize rich web services;Colombia;Euna Robles;1951;144
incubate 24/7 methodologies;Chile;Pedro Lopez;1971;685
incentivize leading-edge e-business;Oman;Larae Ayala;1971;1404
repurpose turn-key content;Israel;Alton Mercado;1979;1212
brand enterprise technologies;Uganda;Regan Lopez;1984;338
repurpose 24/7 platforms;Burundi;Guadalupe Mcclain;1956;1294
maximize frictionless supply-chains;Senegal;Edmundo Santos;2000;567
leverage frictionless deliverables;Tonga;Keva Klein;1985;474
grow user-centric metrics;Suriname;Loren Palmer;1984;635
grow synergistic communities;Mali;Ayanna Howe;1987;949
revolutionize robust supply-chains;Luxembourg;Sirena Cooper;1954;1174
e-enable scalable e-business;Comoros;Louetta Kane;1988;863
enhance enterprise communities;Venezuela;Jesenia Gregory;1971;652
leverage innovative relationships;Iran;Joannie Powell;1984;917
repurpose compelling metrics;Algeria;Gayle Barr;1950;988
transition efficient deliverables;Ukraine;Hiram Schmidt;1988;1186
optimize collaborative technologies;India;Wilson Wiley;1960;906
facilitate turn-key experiences;Singapore;Fidel Ayala;1985;135
synergize efficient vortals;Croatia;Alethia Mills;1967;722
integrate web-enabled deliverables;Macedonia;Retta Patton;1953;1163
architect end-to-end markets;Jamaica;Regenia Sexton;1985;1454
transform magnetic solutions;Luxembourg;Adolfo Atkins;1993;1340
drive plug-and-play content;Chile;Roberto Merritt;1967;610
whiteboard magnetic schemas;Iraq;Asa Hawkins;1992;703
engineer viral networks;Kiribati;Rashad Taylor;1991;917
grow efficient vortals;Croatia;Helaine Gray;1988;1484
leverage back-end applications;Sri Lanka;Lesley Velasquez;1965;198
repurpose B2C info-mediaries;Israel;Russell Harper;1964;789
facilitate innovative models;Albania;Marya Sparks;1950;1254
drive end-to-end initiatives;Egypt;Jeffery Watts;1975;764
architect plug-and-play platforms;Serbia;Cythia Morton;1989;1482
transition strategic relationships;Jamaica;Shane Cain;1997;255
scale distributed methodologies;Yemen;Linwood Hunt;1979;715
e-enable B2B niches;The Gambia;Grant Boone;1960;818
orchestrate virtual channels;Kiribati;Herschel Chapman;1967;851
architect impactful functionalities;Nauru;Robt Moreno;1996;618
generate clicks-and-mortar info-mediaries;Nigeria;Devora Olson;1980;162
engage interactive users;Belarus;Edison Gentry;1996;1008
engineer 24/365 bandwidth;Greece;Verdell Reyes;1977;266
drive world-class channels;Bahamas;Benito Harrison;2000;297
implement user-centric portals;Colombia;Ghislaine Whitaker;1998;951
repurpose holistic markets;Germany;Merlin Newton;1974;1295
transform impactful architectures;Bulgaria;Roosevelt Dixon;1962;593
facilitate leading-edge content;Honduras;Madlyn Mcdowell;1999;1026
whiteboard interactive platforms;Rwanda;Na Abbott;1981;1012
brand e-business platforms;The Gambia;Yuko Hunt;1959;960
re-intermediate robust architectures;Fiji;Dionna Bruce;1993;626
productize magnetic vortals;Qatar;Kurt Martin;1993;437
aggregate mission-critical applications;Togo;George Barnett;1959;1277
integrate dynamic applications;Kiribati;Donnie Garner;1952;395
whiteboard distributed functionalities;Uzbekistan;Eldridge Perez;1994;906
target open-source action-items;Chad;Enda Vega;1990;1148
enhance global technologies;Nigeria;Elfreda Mcgowan;1970;1094
streamline proactive networks;Turkey;Milda Sargent;1993;747
redefine 24/7 metrics;Botswana;Terisa House;1985;837
maximize out-of-the-box communities;Senegal;Vinnie Gamble;1968;1219
monetize plug-and-play networks;Israel;Betsey Cleveland;1987;736
engineer real-time interfaces;East Timor;Amos Mercer;1956;1349
monetize turn-key bandwidth;Bahrain;Petronila Decker;1989;175
orchestrate frictionless content;Moldova;Ellsworth Hale;1981;558
extend rich e-business;Greece;Apryl Gill;1954;1129
optimize intuitive e-business;Cuba;Marc Rowland;1962;657
streamline open-source channels;Bahamas;Mervin Eaton;1998;1068
visualize synergistic systems;Finland;Michal Clay;1983;399
implement wireless e-tailers;Hungary;Solomon Mcfadden;1958;394
disintermediate holistic interfaces;Colombia;Loris Perez;1950;1412
strategize transparent users;Ghana;Morris Bruce;1999;646
leverage synergistic content;Malawi;Osvaldo Blanchard;1969;326
architect B2B schemas;Vietnam;Lakeesha Fischer;1959;1151
harness turn-key schemas;Uganda;Carline York;1995;1183
target efficient infrastructures;Mauritania;Arnoldo Hyde;1958;485
seize open-source relationships;Taiwan;Devon Carpenter;1968;200
matrix open-source e-services;Cuba;Linwood Mccoy;1981;1380
whiteboard interactive deliverables;Taiwan;Simona Wright;1978;119
e-enable B2C initiatives;Andorra;Parker Doyle;1968;1055
unleash web-enabled deliverables;San Marino;Sean Blankenship;1983;1307
generate out-of-the-box info-mediaries;Malaysia;Flavia Parsons;1993;867
productize out-of-the-box methodologies;Malawi;Dacia Page;1965;1494
scale leading-edge convergence;East Timor;Samual Baldwin;1983;967
brand world-class e-services;Ecuador;Elicia Dominguez;1978;274
productize frictionless vortals;Croatia;Conrad Douglas;1969;1391
implement innovative e-business;Ukraine;Shandra Dominguez;1985;114
incentivize best-of-breed models;Bahrain;Emile Avila;1976;617
harness value-added platforms;Albania;Felton Woods;1959;649
repurpose scalable technologies;Sri Lanka;Tegan Nichols;1960;702
engineer revolutionary e-services;Poland;Karl Noel;1992;1057
e-enable B2C experiences;Namibia;Dorotha Lindsey;1975;921
envisioneer virtual architectures;Nauru;Jordan House;1994;1411
synthesize dot-com portals;Bangladesh;Petrina Quinn;1982;118
seize magnetic platforms;Ethiopia;Refugio Maddox;1995;446
integrate turn-key markets;Mauritania;Eddie Christian;1966;680
aggregate end-to-end e-tailers;Jamaica;Dexter Abbott;1996;1244
innovate integrated methodologies;Ethiopia;Alex James;1979;208
repurpose holistic deliverables;Rwanda;Fernando Larson;1951;109
deliver bricks-and-clicks markets;Somalia;Delmy Moss;1956;121
harness bricks-and-clicks solutions;Maldives;Vincenza Riggs;1984;1306
e-enable vertical info-mediaries;Eritrea;James Dejesus;1993;842
seize frictionless solutions;Mozambique;Freeman Smith;1982;1297
matrix visionary schemas;Mauritania;Shenika Jackson;1990;1305
mesh B2C systems;Luxembourg;Burl Guzman;1995;543
optimize cross-media markets;Bulgaria;Nestor Levy;1979;331
streamline bleeding-edge mindshare;The Gambia;Herbert Juarez;1971;1273
matrix world-class partnerships;Uganda;Jacqulyn Buckley;1955;495
synthesize synergistic info-mediaries;Haiti;Broderick Wilson;1991;446
aggregate cross-platform networks;Rwanda;Kayleen Hart;1965;142
embrace next-generation functionalities;Lithuania;Nickolas Landry;1988;644
unleash sticky networks;Bolivia;Rudolph Holcomb;1997;504
transform dot-com relationships;Kiribati;See Mclean;1958;1261
visualize turn-key systems;Suriname;Fredrick Robinson;1978;692
cultivate compelling functionalities;Mexico;Kenia Shepard;1973;262
revolutionize distributed bandwidth;Sri Lanka;Bernardine Fischer;1997;362
harness cutting-edge relationships;Swaziland;Jennefer Hess;1989;872
facilitate transparent mindshare;Iran;Despina Henson;1968;1021
orchestrate end-to-end e-tailers;Botswana;Natacha Stout;1989;122
seize leading-edge e-markets;Malta;Trula Price;1967;1355
disintermediate 24/365 relationships;Jordan;Hue Koch;1955;609
aggregate efficient paradigms;Bahamas;Kiana Murray;1985;632
reinvent granular metrics;Guyana;Shayne Salazar;1956;742
innovate back-end e-business;Mauritius;Edmond Burgess;1975;632
transition e-business deliverables;Peru;Quinton Booker;1972;1474
reinvent front-end experiences;Zimbabwe;Gerry Hartman;1998;570
envisioneer scalable relationships;France;Kum Dean;1995;1268
empower one-to-one synergies;Haiti;Raymond Montoya;1954;1348
utilize proactive partnerships;Barbados;Nohemi Norman;1983;682
disintermediate cross-media communities;Kazakhstan;Margert Colon;1964;1460
synergize ubiquitous vortals;Sweden;Morton Wagner;1991;123
incentivize 24/7 channels;Kiribati;Robbie Emerson;1951;223
enhance dynamic partnerships;Angola;Arlinda Sparks;1988;996
deliver end-to-end initiatives;Honduras;Raleigh Conley;1969;417
matrix magnetic methodologies;Nepal;Jan Schwartz;1974;1291
harness bleeding-edge deliverables;Lebanon;Enoch Barr;1977;413
re-contextualize cross-platform systems;Zimbabwe;Jorge Guerrero;1967;592
brand real-time communities;Benin;Alejandrina Drake;1989;1014
architect integrated interfaces;Canada;Ollie Trujillo;2000;635
generate revolutionary content;Mongolia;Dorsey Munoz;1993;118
expedite strategic schemas;Cape Verde;Herman Hensley;1977;291
scale back-end convergence;Palau;Naida Ramsey;1967;1463
unleash clicks-and-mortar vortals;Venezuela;Nick Patterson;1973;641
aggregate collaborative web-readiness;Nepal;Emile James;1984;1089
re-intermediate bleeding-edge niches;Mauritania;Miyoko Gill;1964;565
integrate e-business systems;Tunisia;Remona Best;1987;1223
optimize granular eyeballs;Romania;Daron Moses;1983;851
redefine turn-key e-commerce;Comoros;Gabriel Hodges;1952;425
seize end-to-end synergies;Portugal;Lauren Barnett;1953;1034
transform killer systems;Montenegro;Brigida Roy;1966;362
deliver global models;Nepal;Danuta Brown;1970;739
re-intermediate ubiquitous deliverables;Latvia;Renato Mckee;1957;584
brand e-business action-items;Azerbaijan;Slyvia Harding;1952;329
cultivate collaborative interfaces;Iraq;Dalton Tillman;1951;1345
monetize compelling applications;San Marino;Kenia Flynn;1971;616
brand value-added content;Nauru;Solange Mccoy;1971;684
harness proactive content;Oman;Geoffrey Head;1993;1257
engineer virtual paradigms;Egypt;Esteban Villarreal;1951;436
harness cutting-edge deliverables;Macedonia;Alberto Herman;1984;575
monetize viral e-commerce;Serbia;Raina Cash;1989;881
innovate best-of-breed content;Oman;Merrie Phelps;1991;426
engage clicks-and-mortar experiences;Jordan;Marguerita Page;1989;1461
integrate collaborative niches;Laos;Tereasa Justice;1992;639
architect next-generation communities;Israel;Temple Rodriguez;1954;1042
re-contextualize cross-media e-commerce;Guyana;Anika Wilcox;1952;822
repurpose mission-critical action-items;Thailand;Isa Warren;1993;220
repurpose scalable metrics;Tuvalu;Dirk Mccormick;1963;1241
benchmark world-class e-business;Oman;Russ Shepard;1976;924
maximize cutting-edge ROI;Qatar;Robert Hurst;1959;520
benchmark sticky e-commerce;Monaco;Abram Velazquez;1995;240
iterate ubiquitous content;Israel;Tamiko Wyatt;1989;1137
embrace virtual infrastructures;Zimbabwe;Florencio Robbins;1965;1418
evolve leading-edge e-commerce;San Marino;Elwood Price;1986;458
enhance clicks-and-mortar mindshare;Nepal;Leif Stephens;1954;879
maximize killer action-items;Palestine;Larae Jenkins;1984;1321
reinvent best-of-breed users;Bahrain;Raymundo Martin;1972;239
syndicate dot-com mindshare;Italy;Miles Shaffer;1977;1179
deploy one-to-one technologies;San Marino;Ruben Young;1966;994
embrace one-to-one markets;Mongolia;Ross Cash;1995;251
evolve killer convergence;Samoa;Reginald Dorsey;1953;932
strategize leading-edge portals;Israel;Tamie Gonzales;1981;601
cultivate ubiquitous info-mediaries;Nigeria;Lon Salinas;1974;559
harness enterprise e-tailers;Uganda;Jaleesa Rosario;1960;474
visualize turn-key content;Sudan;Arden Henson;1973;734
streamline wireless web services;Egypt;Genesis Mack;1958;537
incentivize next-generation functionalities;Botswana;Tim Petersen;1997;1038
transform interactive info-mediaries;Latvia;Lajuana Stephenson;1975;1379
cultivate dynamic networks;San Marino;Johana Nelson;1953;354
engage strategic technologies;Nauru;Dorla Rivers;1974;1314
seize clicks-and-mortar action-items;Luxembourg;Gerardo Madden;1980;735
generate virtual e-tailers;Fiji;Clay Clements;1975;1335
aggregate scalable initiatives;Egypt;Sam Gross;1973;1043
scale one-to-one mindshare;Sweden;Alessandra Marquez;1992;1344
re-contextualize web-enabled convergence;Togo;Kiersten Daniels;1981;1050
synergize revolutionary platforms;Namibia;Janene Wiggins;1985;936
transform web-enabled schemas;Portugal;Jerrold O'donnell;1957;909
unleash cross-media communities;Hungary;Felix Cooley;1989;1326
reinvent sticky eyeballs;Slovakia;Marshall Dawson;1993;1399
synthesize killer networks;Lesotho;Marco Wilder;1950;463
drive proactive solutions;Togo;Odis Reed;1983;617
mesh distributed vortals;Zambia;Linsey Reed;1960;791
harness impactful portals;Chile;Lore Bright;1964;828
matrix web-enabled e-tailers;Chad;Lesley O'neill;1957;826
synthesize seamless eyeballs;Seychelles;Allegra Gill;1953;502
evolve collaborative convergence;Albania;Chia Hill;1981;551
reinvent best-of-breed applications;Mexico;Yasuko Conway;1991;499
brand best-of-breed niches;Kuwait;Gerard Chavez;1970;998
leverage ubiquitous ROI;Comoros;Jann Cochran;1977;120
synergize collaborative interfaces;Lithuania;Garland Burch;1972;220
implement bleeding-edge e-business;Bahamas;Irving Fisher;1987;1291
integrate B2C e-business;Germany;Narcisa Blake;1975;1381
deliver bricks-and-clicks relationships;Slovakia;Jarred Rich;1954;1212
matrix out-of-the-box convergence;Myanmar;Graham Chase;1998;669
re-contextualize viral markets;Kuwait;Lee O'connor;1959;899
re-contextualize value-added applications;Djibouti;Hsiu Clarke;1950;662
incentivize front-end solutions;Namibia;Harley Rivas;1972;797
iterate impactful relationships;Laos;Mauro Gregory;1987;739
utilize value-added content;Thailand;Delmy Riley;2000;639
envisioneer bricks-and-clicks vortals;Jordan;Tommy Ellis;1965;1179
mesh world-class convergence;Cyprus;Kellee Barron;1999;624
implement e-business metrics;Grenada;Shaunda Mitchell;1988;1175
evolve cross-platform synergies;Canada;Otis Yang;1989;1013
orchestrate turn-key bandwidth;Mozambique;Ivan Prince;1987;1341
drive end-to-end e-business;Austria;Kellee Bradley;1968;586
re-contextualize value-added bandwidth;Croatia;Quinton Wise;1992;866
target back-end relationships;Taiwan;Dane Acosta;1978;726
innovate scalable interfaces;Denmark;Dwana Fitzgerald;1953;1406
engineer leading-edge models;Sudan;Sung Rhodes;1955;590
generate magnetic action-items;Iraq;Dagmar Spence;1992;227
reinvent magnetic portals;Sri Lanka;Ji Compton;1990;577
envisioneer open-source synergies;Guyana;Eustolia Merrill;1989;348
re-contextualize sticky initiatives;Suriname;Else Cruz;1966;431
facilitate cross-platform users;Chile;Angel Fleming;1985;299
strategize open-source mindshare;Comoros;Bernarda Shaffer;1960;461
incentivize cross-media users;Burundi;Lajuana Maldonado;1972;148
brand customized solutions;Myanmar;Coreen Maxwell;1963;913
syndicate intuitive bandwidth;Finland;Becki Mckay;1975;894
unleash customized ROI;Mali;Merrilee Byers;1989;620
transition visionary e-services;Sweden;Kemberly Simpson;1972;850
grow frictionless niches;Lesotho;Lowell Kidd;1991;1432
grow leading-edge mindshare;Cameroon;Sage Blair;1969;503
iterate 24/365 models;Zambia;Billy Delacruz;1999;1028
envisioneer transparent portals;Lithuania;Taunya Gaines;1961;686
evolve cross-media synergies;Qatar;Alvin Bryan;1990;570
revolutionize innovative solutions;Serbia;Mellie Simmons;1979;916
empower B2C platforms;Sweden;Morgan Ryan;1951;1224
aggregate user-centric functionalities;Kazakhstan;Nathan Middleton;1951;199
implement scalable applications;Ukraine;Lizeth Mays;1993;605
extend plug-and-play content;Spain;Porfirio Hayden;1954;418
utilize scalable systems;Guinea;Jarvis Peck;1973;740
streamline global channels;Poland;Boyd Perez;1989;1179
expedite web-enabled bandwidth;Argentina;Henriette Small;1958;880
iterate cross-media e-markets;Lebanon;Norberto Mckenzie;1957;322
e-enable robust technologies;Malta;Hubert Cox;1996;1103
leverage leading-edge functionalities;The Gambia;Jules Powell;1996;455
engage clicks-and-mortar synergies;Nepal;Maye Gates;1968;739
iterate 24/365 eyeballs;Taiwan;Tory Stephens;1981;823
morph mission-critical supply-chains;Iran;Leon Kline;1973;1156
e-enable customized vortals;Thailand;Weldon Ruiz;1959;826
incubate best-of-breed eyeballs;Vanuatu;Wilbur Gould;1951;1430
aggregate vertical solutions;Mauritania;Benito Russo;1979;242
enable collaborative interfaces;Hungary;Season Patel;1959;259
productize bricks-and-clicks applications;Portugal;Milagro Dotson;1958;1206
brand rich bandwidth;Kazakhstan;Yvone Bartlett;1972;1477
streamline wireless initiatives;Austria;Alfredo Kerr;1973;1444
harness open-source deliverables;Russia;Josh Pollard;1981;1248
incentivize viral initiatives;Serbia;Aaron Payne;1976;350
grow clicks-and-mortar infrastructures;Azerbaijan;Paul Fletcher;1976;188
revolutionize real-time eyeballs;Italy;Eddy Davenport;1994;122
deploy real-time channels;Italy;Chang Walker;1989;1074
embrace cutting-edge experiences;Japan;Shery Walker;1968;400
maximize cross-platform portals;Ukraine;Byron Livingston;1978;1021
implement innovative e-services;Oman;Aiko Henderson;1992;697
integrate revolutionary info-mediaries;Venezuela;Ricky Haynes;1985;132
mesh e-business paradigms;Tajikistan;Lashon Sexton;2000;1426
expedite wireless initiatives;Bangladesh;Moses Duran;1973;692
orchestrate out-of-the-box portals;Nigeria;Adan Shelton;1991;451
deploy end-to-end web services;Barbados;Janee Mason;1992;505
visualize strategic synergies;Egypt;Beaulah Sanders;1995;754
transition viral action-items;Belize;Lenny Bailey;1979;122
redefine compelling metrics;Slovakia;Gayle Clay;1993;314
incubate seamless methodologies;Canada;Dewitt Monroe;1991;198
streamline dot-com eyeballs;Costa Rica;Mozella Fleming;1961;105
incubate integrated channels;Honduras;Marlon Marks;1955;669
unleash synergistic schemas;Algeria;Wilton Flynn;1956;819
redefine global models;East Timor;Cristin Jacobson;1969;1168
streamline user-centric deliverables;Grenada;Allyn Mathews;1954;1358
visualize customized systems;Chad;Jorge Summers;1967;454
e-enable scalable e-markets;Bahamas;Dusty Walls;1956;408
matrix world-class markets;Palau;Ilana Albert;1990;429
morph 24/365 paradigms;Venezuela;Bill Moody;1969;223
deploy strategic eyeballs;Uganda;Boris Tanner;1951;1138
re-contextualize enterprise relationships;Libya;Jamey Gomez;1960;1349
expedite vertical metrics;Cuba;Karma Daniels;1983;362
architect e-business action-items;Luxembourg;Michale Nichols;1958;1040
envisioneer cross-platform content;Samoa;Greg Holden;1974;628
grow wireless channels;Djibouti;Classie Forbes;1956;639
expedite dynamic architectures;Angola;Alvera Conrad;1982;125
grow strategic users;Australia;Bao Lester;1965;899
drive integrated web services;Nigeria;Wenona Lynch;1961;1493
synthesize revolutionary applications;Honduras;Edwardo Kirby;1979;284
morph back-end paradigms;Myanmar;Candra Frank;1963;551
transition cutting-edge interfaces;Jordan;Fumiko Wilkinson;1990;137
synergize impactful e-commerce;Italy;Austin Bright;1994;1496
expedite global initiatives;Israel;Horace Molina;1998;1125
leverage magnetic experiences;Grenada;Luke Parks;1954;897
re-intermediate synergistic info-mediaries;Belarus;Anthony Dodson;1969;578
envisioneer back-end mindshare;Ecuador;Buster Berger;1965;261
streamline 24/7 partnerships;Bangladesh;Pauletta Church;1962;1247
streamline extensible e-business;Sri Lanka;Frank Lowe;1976;1330
facilitate best-of-breed vortals;Fiji;Cole Whitehead;1995;1065
envisioneer robust e-markets;Greece;Darius Workman;1997;784
disintermediate mission-critical content;Syria;Troy Winters;1973;1200
strategize holistic schemas;Denmark;Sammie Anthony;2000;1079
transform out-of-the-box initiatives;Austria;Daniel Holcomb;1986;361
generate global users;Luxembourg;Marylouise Strickland;1957;655
integrate frictionless e-commerce;Iceland;Sung Campbell;1973;875
harness 24/365 communities;Brazil;Kristel Reed;1971;229
implement bricks-and-clicks deliverables;Cameroon;Malvina Moon;1979;713
target collaborative platforms;Qatar;Rodrigo Gaines;1963;623
incentivize bleeding-edge e-business;Mexico;Roosevelt Nunez;1971;1126
enable 24/365 channels;Madagascar;Orlando Moses;1954;272
cultivate magnetic web services;Guatemala;Raul Rojas;1991;359
synergize transparent methodologies;Vanuatu;Elizabeth Armstrong;1981;390
transition value-added platforms;Fiji;Clemente Branch;1982;792
grow killer methodologies;Eritrea;Mary O'neal;1960;518
harness dynamic ROI;Kiribati;Donovan Wong;1969;1172
extend granular metrics;Singapore;Lenard Bradley;1952;958
syndicate distributed mindshare;Namibia;Lou Mcdonald;1983;1485
engineer customized technologies;Iceland;Makeda Henry;1963;341
target holistic experiences;Angola;Lisha Watkins;1961;272
cultivate out-of-the-box models;Grenada;Lisabeth Woodard;1974;1211
generate vertical e-services;Australia;Mistie Compton;1964;1276
unleash real-time deliverables;Israel;Kris Nguyen;1958;1449
synergize frictionless architectures;Slovakia;Cameron Aguirre;1954;522
incentivize user-centric functionalities;Lebanon;Dinorah Harrell;1953;1391
strategize e-business users;Argentina;Cleveland Sanchez;1988;1296
enable strategic interfaces;Kenya;Andrew Short;1981;656
synergize visionary models;Tuvalu;Edris Mcfadden;1982;876
reinvent efficient bandwidth;Estonia;Garland Wilkerson;1963;1294
transition bleeding-edge communities;Djibouti;Madie Cortez;1973;1265
deploy visionary relationships;Russia;Mertie Gates;1957;420
evolve frictionless relationships;Peru;Cherryl Davenport;1960;1259
envisioneer rich content;Cuba;Ali Black;1985;1438
enable proactive interfaces;Singapore;Yon Snyder;1980;456
grow killer users;Nicaragua;Isis Holloway;1978;698
innovate bricks-and-clicks users;Monaco;Kourtney Giles;1966;552
disintermediate ubiquitous platforms;Rwanda;Adolph Hanson;1951;220
envisioneer cutting-edge applications;Iran;Manual Hinton;1987;1146
reinvent scalable deliverables;Ecuador;Jamar Jensen;1954;1105
integrate enterprise schemas;Monaco;Jimmie Reilly;1979;1130
unleash B2C communities;Chile;Jorge Valenzuela;1997;445
whiteboard cutting-edge e-business;Armenia;Kyle Whitfield;1959;128
strategize efficient info-mediaries;Mali;Jodee Hancock;1985;1437
synthesize strategic web-readiness;Nepal;Christian Compton;1994;714
seize extensible action-items;Moldova;Jordan Prince;1987;1269
benchmark compelling methodologies;Colombia;Wayne Short;1989;148
seize frictionless content;Botswana;Stuart Williamson;1963;955
streamline vertical solutions;Yemen;Treasa Gilliam;1953;868
facilitate plug-and-play initiatives;Qatar;Chung Wright;1994;1039
unleash e-business metrics;Djibouti;Paulene Pope;1994;1441
architect sticky deliverables;Vanuatu;Gertrud Landry;1975;1493
monetize end-to-end solutions;Bhutan;Shiloh Dorsey;1983;1140
synthesize scalable web services;Niger;Hilde Tran;1997;566
synthesize 24/7 schemas;Uzbekistan;Arnoldo Perkins;1952;1155
redefine mission-critical solutions;Tuvalu;Milo Blankenship;1954;807
e-enable rich architectures;Seychelles;Paul Hess;1986;975
incubate holistic experiences;Cameroon;Delmy Banks;1994;191
expedite turn-key e-business;Belarus;Angel Buckley;1961;901
re-contextualize best-of-breed synergies;India;Son Thornton;1974;1151
maximize intuitive ROI;Brazil;Lesha Gould;1964;1168
unleash value-added content;Portugal;Guy Cervantes;1978;752
re-intermediate integrated schemas;Togo;Albert Rosario;1951;640
orchestrate revolutionary action-items;Yemen;Stevie Poole;1999;675
expedite innovative niches;Kuwait;Tracey Carey;1982;522
transform compelling synergies;Croatia;Ezra Hammond;1976;1308
expedite wireless ROI;Yemen;Clement Graham;1979;184
matrix cross-platform platforms;Colombia;Merrie Sullivan;1968;456
whiteboard viral channels;Samoa;Ling Douglas;1964;543
utilize frictionless applications;Tuvalu;Kali Stokes;1992;638
morph global systems;Samoa;Soila Dorsey;1986;802
productize compelling experiences;Poland;Katheleen Bond;1968;672
enhance integrated web-readiness;Swaziland;Rupert Jenkins;1955;1305
evolve rich technologies;Guyana;Myesha Joyce;1982;111
deliver 24/7 networks;Venezuela;Rickey Washington;1963;278
mesh holistic info-mediaries;Nigeria;Teddy Sawyer;1982;454
drive customized supply-chains;Mali;Tommy Powell;1966;369
maximize scalable mindshare;Peru;Theodore Short;1959;1180
enhance best-of-breed action-items;Burundi;Jay Vazquez;1986;1068
drive front-end content;Indonesia;Dane Browning;1958;282
cultivate B2B initiatives;Vanuatu;Quiana Hart;1980;1403
aggregate synergistic portals;Sudan;Eugene Henry;1957;1304
architect magnetic convergence;Angola;Moses Castaneda;1986;482
visualize collaborative info-mediaries;Qatar;Magdalen Pittman;1951;1473
streamline web-enabled synergies;Thailand;Cicely Jones;1996;511
whiteboard 24/365 info-mediaries;Cuba;Nicky Parrish;1977;213
reinvent sticky solutions;Belarus;Steven Rose;1984;1115
engineer 24/7 functionalities;Russia;Benton Hull;1988;579
orchestrate plug-and-play partnerships;Croatia;Dorthey Mills;1965;996
repurpose B2B deliverables;Oman;Teddy James;1982;1388
aggregate impactful initiatives;Kazakhstan;Victor Howard;1956;995
engineer B2B markets;Uruguay;Sandee Rollins;1999;1074
synergize open-source e-commerce;Togo;Laraine Herring;1990;773
matrix customized eyeballs;Togo;Sandie Holman;1989;468
evolve enterprise models;Grenada;Cristin Workman;1958;1298
leverage end-to-end e-services;Malta;Noriko Bowers;1986;1307
syndicate efficient experiences;Ukraine;Harry Davis;1961;722
architect web-enabled niches;Belize;Jonathon Fox;1982;842
morph scalable info-mediaries;Suriname;Gene Duke;1964;547
cultivate one-to-one convergence;Greece;Quincy Gillespie;1962;932
implement sticky content;Kuwait;Ollie Roy;1983;1283
implement collaborative mindshare;Bahrain;Robena Moses;1973;751
productize bleeding-edge interfaces;Georgia;Wilton Dennis;1964;1005
architect back-end initiatives;Montenegro;Carmen Pena;1953;634
re-intermediate seamless vortals;Cambodia;Trudi Trevino;1996;400
embrace cross-platform supply-chains;Russia;Marcus Cameron;1950;1470
productize integrated markets;Paraguay;Paris Valdez;1977;442
repurpose killer channels;Ukraine;Leigh Trevino;1963;1410
redefine world-class info-mediaries;Malaysia;Beau Hanson;1974;174
engineer cross-platform models;Spain;Newton Bryant;1952;858
harness global niches;Gabon;Marshall Duke;2000;1380
evolve magnetic interfaces;Barbados;Soraya Talley;1981;893
monetize plug-and-play web-readiness;Chile;Birgit Rowland;1967;1092
revolutionize real-time initiatives;Ecuador;Cody Sutton;1951;1342
cultivate global users;Taiwan;Loida Medina;1977;1476
mesh leading-edge e-commerce;Mexico;Jermaine Hansen;1969;1195
strategize cross-platform paradigms;Somalia;Virgil Duke;1988;415
reinvent best-of-breed metrics;Senegal;Jamaal Holmes;1982;1393
embrace global partnerships;Ukraine;Cherryl Knox;1992;1458
productize end-to-end functionalities;Costa Rica;Santana Lindsey;1985;154
synthesize B2C portals;The Gambia;Malvina Foreman;1966;803
syndicate enterprise channels;Swaziland;Carlyn Mullen;1969;200
incubate frictionless partnerships;Liberia;Colby Bray;1966;556
reinvent e-business deliverables;Vanuatu;Julian Gibbs;1990;1465
synergize synergistic e-tailers;Comoros;Lynn Moreno;1983;982
extend turn-key solutions;Senegal;Elinore Bernard;1953;1165
revolutionize cross-platform e-markets;Norway;Elizabeth Kline;1995;317
engineer innovative systems;Panama;Cary Ruiz;1963;806
monetize enterprise users;Uganda;Chanelle Maldonado;1984;732
utilize mission-critical users;Guyana;Les Rodriguez;1988;1358
productize bricks-and-clicks platforms;Jordan;Terence Wright;1950;1415
streamline viral portals;Ethiopia;Tashina Wilder;1973;863
aggregate intuitive portals;Nigeria;Virgilio Hancock;1963;170
unleash cross-media architectures;Russia;Angel Morton;1966;619
seize holistic e-commerce;Ukraine;Eugenio Reeves;1951;1367
productize turn-key users;Ukraine;Gia Fulton;2000;1295
visualize ubiquitous e-business;Nicaragua;Lowell Adams;1975;1372
visualize bricks-and-clicks action-items;Tanzania;Leon Johnson;1951;707
expedite clicks-and-mortar deliverables;Ghana;Aurore Miller;1971;855
facilitate 24/365 solutions;Montenegro;Tianna Conner;1978;221
strategize web-enabled platforms;Iceland;Herman Alexander;1994;589
e-enable cross-media vortals;Fiji;Jose Baker;1990;762
iterate rich initiatives;Romania;Thaddeus Morin;1991;1328
leverage innovative web-readiness;Sweden;Winfred Solomon;1979;1428
grow user-centric platforms;Taiwan;Leigh Hubbard;1989;521
synergize vertical e-business;Uganda;Arnulfo Finch;1989;1347
transition bricks-and-clicks web services;Samoa;Andre Cote;1959;922
synergize B2B eyeballs;Zimbabwe;Hunter Mcgowan;1956;1383
exploit extensible metrics;Russia;Leoma Mullins;1986;1338
generate 24/7 supply-chains;Mauritania;Terence Ward;1995;1216
mesh impactful e-business;Ecuador;German Stanley;1976;184
engineer impactful e-business;Palestine;Kieth Vincent;1955;656
engineer cutting-edge paradigms;Finland;Hans Schmidt;1999;1013
benchmark cutting-edge convergence;Suriname;Elmo Gentry;1973;126
e-enable leading-edge convergence;Poland;Tyson Carrillo;1985;160
iterate virtual e-commerce;Russia;Trula Holt;1998;779
transform frictionless applications;Azerbaijan;Lewis Gates;1976;1290
facilitate compelling initiatives;Angola;Franklyn Grimes;1958;677
deliver revolutionary metrics;India;Stevie Vaughn;1959;1137
whiteboard next-generation e-commerce;Suriname;Keven Mcgowan;1972;986
repurpose out-of-the-box portals;Maldives;Fleta Noble;1970;1059
redefine viral vortals;Bulgaria;Indira Allen;1958;669
synergize dynamic paradigms;Suriname;Demetrius Barrett;1974;1021
repurpose clicks-and-mortar vortals;Macedonia;Ludie Little;1960;216
facilitate innovative web-readiness;Botswana;Melynda Reese;1950;509
revolutionize leading-edge e-business;Angola;Matthew Larsen;1993;156
implement virtual partnerships;Greece;Ehtel Harrington;1973;255
empower bricks-and-clicks experiences;Denmark;Reggie Rhodes;1961;1151
target web-enabled interfaces;Latvia;Riley Cain;1977;827
benchmark integrated relationships;Somalia;Yee Sparks;1953;990
implement value-added models;Norway;Renato Ortiz;1994;538
visualize frictionless applications;Brazil;Wendell Garner;1971;427
iterate 24/365 info-mediaries;Armenia;Geoffrey Graham;1990;946
strategize plug-and-play portals;Poland;Kermit Leach;1967;438
syndicate next-generation metrics;Tajikistan;Bernardo Kirkland;1966;1443
syndicate wireless action-items;Cambodia;Karmen Sellers;1972;1167
incentivize holistic bandwidth;Jordan;Derick Dunlap;1955;1280
unleash customized relationships;Norway;Tasia Marquez;1982;1492
expedite viral infrastructures;Portugal;Willette Cantu;1955;1307
orchestrate magnetic users;Tajikistan;Tyrell Hayden;1959;1069
innovate end-to-end synergies;Latvia;Charlena Wyatt;1950;658
iterate mission-critical channels;Sweden;Manual Fulton;1993;1329
utilize vertical e-services;Dominica;Jacquiline Bishop;1959;613
leverage mission-critical communities;Kyrgyzstan;Chae Hodges;1985;980
orchestrate granular applications;Laos;Aja Kim;1990;1035
drive web-enabled communities;India;Lavelle Chambers;1982;416
re-contextualize killer action-items;Haiti;Margrett Haynes;1998;631
optimize virtual interfaces;Israel;Paul Roth;1980;296
implement web-enabled architectures;Montenegro;Shakira Charles;1996;1062
generate viral networks;Chile;Tianna Mills;1952;527
leverage dot-com interfaces;Armenia;Alan Townsend;1999;1445
transform proactive networks;Namibia;Claribel Lambert;2000;727
whiteboard strategic metrics;Egypt;August Morrison;1991;1479
drive visionary bandwidth;Kyrgyzstan;Reid Greene;1976;1255
visualize front-end channels;Venezuela;Violette Landry;1957;140
drive back-end web services;Oman;Minh Chambers;1992;102
streamline scalable initiatives;Norway;Demetrius Beard;1995;977
aggregate interactive models;Venezuela;Chang Riddle;1963;1459
syndicate leading-edge channels;Montenegro;Oren Wallace;1995;1445
leverage extensible solutions;Romania;Freeman Bartlett;1983;183
engage vertical deliverables;Venezuela;Gene Snider;1979;1366
engage granular action-items;Cape Verde;Paulita Herman;1998;1196
optimize collaborative applications;Japan;Olinda Vaughn;1953;525
streamline transparent action-items;Lithuania;Claud Chavez;1990;802
e-enable best-of-breed technologies;Australia;Francene Vargas;1950;260
enable revolutionary interfaces;Greece;Johnnie Kane;1954;722
redefine real-time functionalities;East Timor;Eduardo Carver;1992;523
iterate viral ROI;Brazil;Damian Tanner;1995;1009
productize strategic technologies;Senegal;Luke Blake;1998;401
morph integrated convergence;Georgia;Wilson Burch;1993;355
generate world-class e-services;Nauru;Rubi Powell;1953;884
leverage visionary networks;Myanmar;Katelynn Heath;1970;758
innovate out-of-the-box bandwidth;Indonesia;Dot Stephenson;1988;588
implement global infrastructures;Japan;Johana Carver;1958;780
scale robust relationships;Samoa;Dan Houston;1987;833
embrace web-enabled paradigms;Albania;Bebe Perkins;1957;336
seize user-centric supply-chains;East Timor;Joaquin Mayer;1955;1193
unleash vertical relationships;Tonga;Jimmy Ayers;1986;1205
integrate vertical functionalities;Armenia;Carrol Villarreal;1962;177
reinvent 24/365 communities;Guinea;Olen Horne;1979;479
drive B2C channels;Spain;Ruben Hardin;1970;190
e-enable back-end markets;Seychelles;Del Ingram;1965;306
cultivate plug-and-play eyeballs;Angola;Verlie Walker;1980;1117
reinvent back-end deliverables;Portugal;Birgit Doyle;1971;1394
reinvent killer paradigms;Guyana;Dorian Orr;1991;693
repurpose extensible solutions;Comoros;Anthony Herrera;1970;1093
synergize global vortals;Kazakhstan;Yong Everett;1993;307
syndicate rich solutions;Gabon;Philip Parks;1953;474
streamline interactive supply-chains;France;Merissa Cooley;1967;546
utilize customized architectures;Singapore;Ashanti Hodges;1983;573
grow proactive networks;Mongolia;Ted Ford;1972;1481
envisioneer integrated portals;Angola;Lakia Singleton;1980;635
transition web-enabled schemas;Cambodia;Jonas Kline;1969;1430
grow visionary experiences;Albania;Bobby Higgins;1975;512
