drive B2C methodologies;Serbia;9260;24;862
revolutionize mission-critical architectures;France;10208;27;247
transform real-time paradigms;Tunisia;12447;22;818
benchmark revolutionary applications;Morocco;15077;23;556
visualize efficient web services;Morocco;9066;24;515
transition revolutionary niches;Uruguay;8342;18;373
scale proactive bandwidth;Panama;6089;28;146
streamline best-of-breed networks;The Gambia;17936;26;858
leverage world-class niches;Sri Lanka;5889;25;523
redefine strategic experiences;Niger;5380;29;966
cultivate e-business experiences;Haiti;8440;22;624
revolutionize frictionless channels;Poland;17361;27;533
synthesize 24/7 ROI;Gabon;19435;16;663
maximize clicks-and-mortar solutions;Lesotho;5334;28;826
embrace magnetic eyeballs;Seychelles;17521;17;15
envisioneer bleeding-edge technologies;Bolivia;9697;19;384
mesh compelling web services;Rwanda;12566;21;524
transform holistic bandwidth;Palau;6847;26;637
synthesize mission-critical architectures;Somalia;17035;21;443
unleash robust communities;Kuwait;13361;24;552
target back-end mindshare;Luxembourg;7837;20;101
architect magnetic e-services;Nigeria;13755;18;273
transition bricks-and-clicks convergence;Botswana;19768;25;928
implement intuitive action-items;Croatia;19097;17;308
scale bleeding-edge web-readiness;Guyana;17079;15;20
iterate customized technologies;Palau;5522;27;616
seize customized ROI;Namibia;6259;28;387
matrix open-source markets;Yemen;8896;17;663
leverage killer infrastructures;Vietnam;5960;26;438
morph dot-com web-readiness;Senegal;14670;21;379
architect global solutions;Dominica;9656;21;921
benchmark 24/7 architectures;Australia;15371;21;887
re-intermediate 24/365 paradigms;Honduras;14694;30;919
synthesize collaborative vortals;Sri Lanka;13924;17;7
matrix dynamic interfaces;Ukraine;8257;23;215
engage compelling synergies;Barbados;17216;19;880
unleash cutting-edge experiences;Comoros;15178;16;260
synthesize clicks-and-mortar paradigms;Angola;13826;22;435
innovate B2C web-readiness;Jamaica;6098;20;767
redefine B2B eyeballs;Slovenia;17430;24;947
incubate 24/7 synergies;Andorra;7924;15;622
monetize holistic niches;Mali;9260;29;861
productize proactive action-items;Grenada;10201;25;82
target dot-com initiatives;Yemen;13833;15;940
utilize bleeding-edge platforms;Haiti;8639;17;845
optimize synergistic networks;Bulgaria;16437;28;303
matrix global convergence;Macedonia;8075;17;239
re-contextualize proactive niches;Cuba;19735;15;954
grow transparent e-markets;Turkey;18840;26;763
transform front-end interfaces;Algeria;14801;26;149
mesh transparent convergence;Monaco;19502;23;310
facilitate vertical vortals;Taiwan;10153;26;59
visualize next-generation content;Niger;18839;15;673
repurpose holistic web-readiness;Nauru;8864;30;651
implement magnetic experiences;Belize;13826;30;791
innovate vertical schemas;Macedonia;14196;18;981
unleash viral channels;Honduras;12446;25;839
repurpose one-to-one users;Mozambique;9847;16;762
orchestrate bleeding-edge niches;Iraq;16498;25;582
deliver impactful markets;Kuwait;10723;16;12
drive synergistic relationships;Indonesia;19812;21;280
morph end-to-end communities;Ukraine;13053;21;359
visualize holistic bandwidth;Honduras;9354;27;206
engineer out-of-the-box models;Guatemala;8334;19;98
synthesize synergistic methodologies;Tonga;14453;19;591
utilize cutting-edge communities;Mauritania;17687;16;960
morph front-end relationships;Canada;14870;24;163
maximize intuitive e-tailers;Syria;19515;20;372
benchmark turn-key models;Angola;12541;18;579
expedite distributed channels;Indonesia;7709;23;903
aggregate visionary methodologies;Mauritius;6166;17;527
redefine extensible models;Sweden;12717;17;626
deliver e-business methodologies;Turkey;13034;29;538
brand 24/365 web-readiness;Uzbekistan;5670;29;783
reinvent open-source applications;Nauru;9533;25;691
strategize turn-key systems;Argentina;14754;23;250
exploit B2C e-commerce;Romania;6575;16;167
expedite best-of-breed e-commerce;Bhutan;17564;22;234
grow wireless relationships;Maldives;5007;17;123
incubate killer portals;Thailand;14154;18;413
embrace efficient synergies;Kyrgyzstan;5415;29;728
whiteboard sticky solutions;Finland;10765;20;777
drive cross-media experiences;Syria;18210;20;364
target global bandwidth;Laos;14689;24;361
synergize scalable synergies;Jamaica;9765;21;177
integrate one-to-one bandwidth;Lithuania;10761;23;24
generate visionary synergies;Uganda;5458;26;332
harness ubiquitous applications;Croatia;14340;26;700
exploit B2C eyeballs;Jordan;8806;25;525
e-enable innovative info-mediaries;Iraq;14853;17;344
grow innovative experiences;Australia;15927;16;499
morph cutting-edge e-business;Seychelles;10231;24;192
facilitate web-enabled e-business;Lebanon;11178;22;996
optimize intuitive architectures;Guatemala;5731;19;392
repurpose interactive supply-chains;Japan;18845;16;898
synthesize frictionless channels;Bolivia;9592;21;74
implement front-end users;Chile;14845;28;212
morph robust e-tailers;Angola;9168;30;250
optimize end-to-end relationships;Italy;16306;22;642
engineer frictionless e-commerce;Belize;15454;26;556
iterate interactive convergence;Iran;13965;30;738
whiteboard synergistic relationships;Comoros;16069;16;790
e-enable B2B systems;Niger;5996;17;60
re-intermediate front-end channels;Croatia;5611;28;532
generate killer functionalities;Uganda;18949;23;186
innovate turn-key ROI;Egypt;15417;30;656
strategize distributed markets;East Timor;7361;21;924
incubate sticky e-services;Paraguay;9149;18;704
deliver one-to-one relationships;Tonga;11813;27;748
evolve bricks-and-clicks systems;Paraguay;10988;17;162
syndicate real-time technologies;Taiwan;17227;23;303
evolve world-class partnerships;Georgia;17115;19;854
optimize holistic deliverables;East Timor;15131;29;477
integrate strategic initiatives;Mexico;16925;20;224
facilitate mission-critical initiatives;Vietnam;19770;17;710
redefine global models;Finland;12373;16;761
disintermediate revolutionary relationships;Senegal;11266;29;258
visualize turn-key action-items;Turkey;16541;26;916
streamline customized web-readiness;Barbados;12045;30;157
re-intermediate visionary content;Burundi;12774;18;527
generate seamless platforms;Maldives;18769;26;575
engage killer content;Malta;11667;26;178
re-intermediate cross-media e-tailers;Iraq;9695;19;716
strategize out-of-the-box niches;Singapore;8292;21;869
generate leading-edge synergies;Macedonia;10397;19;151
expedite out-of-the-box infrastructures;Malta;6195;27;121
re-intermediate rich synergies;The Gambia;14178;29;1001
reinvent revolutionary e-business;Myanmar;12023;17;994
expedite real-time action-items;Gabon;10269;26;628
engineer global users;Libya;16200;28;413
generate granular e-tailers;Austria;18521;17;407
drive mission-critical communities;Laos;6440;22;131
drive bricks-and-clicks ROI;Slovenia;14380;27;251
architect dot-com initiatives;Cape Verde;5239;25;107
envisioneer rich interfaces;Belgium;10949;29;819
utilize value-added convergence;Mongolia;12152;17;268
synergize cross-platform content;Senegal;19282;21;198
utilize killer e-markets;Denmark;8426;30;445
aggregate strategic niches;Andorra;11144;16;3
deploy cutting-edge initiatives;Panama;6978;19;212
generate virtual web-readiness;Vietnam;14332;28;907
leverage impactful e-business;Lesotho;12610;18;578
transform wireless markets;Australia;16542;26;763
envisioneer extensible e-services;Samoa;8425;17;768
iterate integrated technologies;Morocco;10026;27;591
whiteboard cross-platform architectures;Somalia;14794;20;176
incubate global experiences;Malta;17987;22;3
redefine user-centric bandwidth;Djibouti;7238;16;989
optimize robust info-mediaries;Greece;14196;23;738
envisioneer wireless e-markets;Fiji;7182;18;854
brand cross-platform info-mediaries;Cameroon;16573;21;33
enable granular partnerships;Andorra;17751;25;769
streamline world-class portals;Grenada;19770;20;278
benchmark sticky e-business;Somalia;13855;28;730
deliver revolutionary e-markets;Estonia;11024;23;454
incentivize impactful e-commerce;Ecuador;12970;24;978
matrix collaborative ROI;Nepal;10251;29;346
drive e-business web services;Belgium;10866;18;958
facilitate interactive solutions;France;12329;17;111
benchmark cross-media architectures;Kiribati;9183;17;90
grow killer eyeballs;Malta;7915;17;381
orchestrate intuitive eyeballs;Australia;17676;24;654
synthesize intuitive e-commerce;Zimbabwe;9434;16;475
engage holistic mindshare;Lesotho;8310;30;175
extend enterprise content;Kazakhstan;15484;16;668
deliver global architectures;Latvia;14972;20;893
revolutionize ubiquitous synergies;Honduras;9558;22;428
morph interactive niches;Laos;19099;16;550
implement integrated niches;Cambodia;13904;16;634
redefine visionary solutions;Belize;19389;20;311
syndicate virtual communities;Bulgaria;8273;17;669
utilize holistic e-tailers;Croatia;17547;23;970
enable killer niches;Colombia;11251;29;252
target user-centric systems;Lithuania;10748;28;978
productize mission-critical infrastructures;Liberia;16091;15;418
incubate interactive supply-chains;Benin;8052;29;205
strategize revolutionary networks;Suriname;16378;28;243
implement open-source e-tailers;Gabon;6891;24;683
orchestrate dynamic users;Brazil;6801;24;469
scale world-class markets;Panama;18604;25;87
envisioneer dynamic networks;Honduras;13458;21;101
orchestrate 24/7 action-items;Denmark;11085;28;514
whiteboard enterprise communities;Belize;5124;28;98
innovate user-centric info-mediaries;Fiji;7436;28;201
disintermediate best-of-breed ROI;Uruguay;14663;20;502
engage rich experiences;Guinea;16958;23;147
productize seamless deliverables;Kiribati;14163;21;621
repurpose one-to-one applications;Algeria;16542;28;265
facilitate frictionless communities;Fiji;11394;26;743
strategize user-centric platforms;Andorra;18783;25;738
re-contextualize next-generation communities;Mauritania;15685;19;16
re-contextualize virtual convergence;Greece;8788;17;839
grow collaborative deliverables;Kyrgyzstan;18342;22;737
innovate global convergence;East Timor;17571;20;401
whiteboard viral synergies;Kuwait;7469;24;477
orchestrate granular portals;Brazil;17941;28;211
repurpose vertical interfaces;Mauritania;16347;18;667
facilitate user-centric e-commerce;Kyrgyzstan;14199;15;616
utilize bricks-and-clicks e-services;Laos;9390;19;150
benchmark value-added supply-chains;Lithuania;14102;19;766
aggregate dynamic architectures;Luxembourg;19777;16;740
syndicate rich eyeballs;Monaco;10267;25;466
cultivate cutting-edge e-business;Jordan;17861;15;479
unleash wireless experiences;Guyana;17067;18;137
maximize enterprise initiatives;Samoa;5963;16;569
engineer intuitive e-tailers;Iceland;9933;30;246
envisioneer collaborative web-readiness;Croatia;19573;17;380
harness sticky content;Grenada;5829;19;9
repurpose transparent users;Oman;9085;25;234
e-enable bricks-and-clicks e-business;Bangladesh;5885;20;594
monetize holistic vortals;Kenya;19788;16;109
innovate end-to-end systems;Laos;11125;16;538
enable customized info-mediaries;Sri Lanka;6385;17;934
disintermediate cutting-edge methodologies;Ghana;10480;17;294
engage transparent communities;Lebanon;19310;16;574
aggregate vertical convergence;Malaysia;19632;22;61
enhance integrated action-items;Yemen;12416;16;569
productize holistic convergence;Israel;18853;16;206
facilitate clicks-and-mortar e-tailers;Norway;13614;28;721
synergize cross-platform technologies;Taiwan;15215;18;647
redefine user-centric solutions;Mozambique;18442;19;639
target wireless e-markets;Fiji;6970;18;737
morph front-end technologies;Uzbekistan;17240;15;69
innovate next-generation technologies;Mexico;11898;22;773
evolve seamless channels;Italy;5183;21;859
evolve transparent systems;Venezuela;18623;27;327
evolve interactive relationships;Zimbabwe;18556;21;842
maximize collaborative partnerships;Seychelles;7748;28;851
implement innovative supply-chains;Greece;11969;23;587
whiteboard rich e-markets;Syria;10207;23;971
leverage mission-critical supply-chains;The Gambia;5435;27;543
innovate enterprise metrics;Senegal;9297;16;50
deliver cross-platform e-commerce;Mozambique;10383;25;122
drive granular experiences;Cuba;7389;27;93
strategize visionary solutions;Palestine;7607;27;62
re-contextualize granular markets;Bolivia;12576;30;366
exploit B2C action-items;Belarus;9873;23;161
iterate extensible applications;Taiwan;5102;27;989
evolve ubiquitous e-tailers;Cuba;10152;18;568
enable 24/7 vortals;Samoa;9872;18;407
deploy granular methodologies;Barbados;13920;25;910
empower efficient technologies;Albania;15253;15;738
benchmark sticky initiatives;Azerbaijan;19473;22;159
expedite virtual e-markets;Bahamas;10956;28;294
synthesize intuitive networks;Germany;17450;18;537
drive rich action-items;Panama;17986;16;594
enhance web-enabled e-business;Uzbekistan;5843;29;740
utilize bleeding-edge architectures;Mongolia;12157;16;960
optimize clicks-and-mortar ROI;Seychelles;18112;28;37
re-contextualize innovative technologies;Yemen;10630;27;621
visualize viral metrics;Libya;15787;22;542
transform efficient action-items;Tunisia;13888;18;299
utilize 24/7 functionalities;Swaziland;16956;20;224
optimize enterprise functionalities;The Gambia;17082;29;870
scale rich relationships;East Timor;6217;20;386
harness dynamic content;Haiti;5815;19;663
incubate enterprise experiences;Lebanon;10930;17;466
reinvent best-of-breed platforms;Slovakia;12714;15;876
grow visionary solutions;Israel;8548;22;197
envisioneer visionary action-items;Cameroon;8719;30;562
monetize customized partnerships;Tunisia;12956;29;635
extend one-to-one paradigms;The Gambia;17321;22;861
cultivate dynamic web services;Namibia;14235;26;442
cultivate revolutionary relationships;Romania;16320;28;732
reinvent strategic users;Andorra;18338;25;659
scale dynamic info-mediaries;Lesotho;6348;29;841
facilitate back-end models;Lebanon;14751;24;227
syndicate integrated networks;Serbia;12433;22;862
redefine bricks-and-clicks portals;Italy;12587;22;513
exploit sticky models;Indonesia;9482;17;267
unleash granular portals;Comoros;18580;26;877
whiteboard end-to-end architectures;Djibouti;18123;24;548
exploit virtual ROI;Jordan;18430;18;678
matrix open-source schemas;Nicaragua;5082;21;207
visualize next-generation portals;Cameroon;11425;16;784
facilitate B2C convergence;Qatar;7638;23;988
disintermediate synergistic web-readiness;Rwanda;5378;19;29
mesh leading-edge mindshare;Mauritania;6582;18;931
revolutionize B2B relationships;Uganda;7393;29;847
disintermediate integrated applications;Croatia;16932;27;42
redefine B2C ROI;Kiribati;6256;17;154
whiteboard open-source markets;Finland;5763;18;224
streamline viral initiatives;Angola;13700;19;148
aggregate bricks-and-clicks synergies;Kenya;18193;21;82
e-enable cutting-edge eyeballs;Cambodia;15550;21;502
evolve holistic relationships;Ukraine;5971;20;611
mesh one-to-one mindshare;Moldova;20000;28;248
grow cutting-edge metrics;Iceland;11207;18;756
e-enable strategic paradigms;Jamaica;7928;28;982
deliver dot-com e-markets;Mexico;7051;17;587
empower interactive systems;Pakistan;19199;20;300
incentivize clicks-and-mortar initiatives;India;12589;25;711
transition bleeding-edge mindshare;Bulgaria;11851;28;427
evolve wireless channels;Tunisia;6134;24;748
integrate plug-and-play e-commerce;Dominica;18774;26;370
revolutionize virtual eyeballs;Cambodia;19771;22;708
maximize proactive functionalities;Zimbabwe;18461;24;692
grow vertical markets;Indonesia;17058;28;235
benchmark cutting-edge channels;The Gambia;13504;25;341
optimize viral architectures;Spain;14833;25;16
seize dynamic interfaces;Moldova;5935;24;687
synthesize e-business systems;Seychelles;12951;17;478
redefine synergistic infrastructures;Mali;18690;15;753
target dot-com architectures;East Timor;13715;16;181
streamline robust experiences;Moldova;6437;16;398
re-contextualize best-of-breed architectures;Tunisia;13642;23;978
transition enterprise bandwidth;Guyana;16722;15;721
re-contextualize synergistic experiences;Somalia;15911;30;916
empower bleeding-edge channels;Bulgaria;16823;22;957
streamline bleeding-edge bandwidth;Comoros;10191;29;288
re-intermediate 24/365 experiences;Indonesia;11253;27;279
mesh viral solutions;Portugal;12816;24;335
implement enterprise solutions;Comoros;16566;27;373
productize best-of-breed partnerships;Tonga;19236;26;542
leverage 24/365 deliverables;Ethiopia;11029;30;814
empower dynamic e-commerce;Latvia;17847;27;597
transition impactful mindshare;Libya;10332;30;962
evolve next-generation infrastructures;Libya;9288;20;526
benchmark seamless e-markets;Malaysia;7680;25;929
synergize wireless functionalities;France;12862;19;401
synthesize cross-platform convergence;Egypt;12436;19;839
architect collaborative e-commerce;Bangladesh;16083;25;237
synergize compelling platforms;Mongolia;8158;16;326
matrix proactive convergence;Iceland;16534;16;100
transition user-centric paradigms;Pakistan;11679;27;461
synergize leading-edge interfaces;Barbados;10428;23;903
integrate leading-edge supply-chains;Comoros;6084;27;897
grow wireless systems;Libya;13350;29;743
expedite dynamic channels;Benin;5791;17;571
transition interactive e-markets;Germany;17667;17;448
re-intermediate strategic functionalities;Malawi;10852;24;82
brand virtual methodologies;Jamaica;19515;25;732
matrix cutting-edge solutions;Cape Verde;18563;20;764
benchmark virtual metrics;Belize;12657;22;167
deploy collaborative partnerships;Syria;11884;15;809
architect enterprise e-tailers;Austria;16522;17;766
brand dot-com platforms;Germany;7848;15;750
scale plug-and-play mindshare;Nauru;5349;25;797
empower web-enabled paradigms;Mauritania;7236;27;437
engage robust action-items;Belize;9522;27;274
deploy B2C synergies;Jamaica;17193;18;389
grow integrated partnerships;Singapore;13990;29;96
brand transparent infrastructures;The Gambia;7648;15;740
engineer transparent vortals;Sweden;15897;16;856
benchmark back-end markets;Belarus;15784;16;210
target one-to-one portals;Egypt;17543;26;559
utilize transparent communities;Bolivia;17974;15;910
morph e-business functionalities;Israel;17062;29;847
strategize dot-com vortals;Lesotho;12637;16;888
maximize integrated eyeballs;Mali;10794;15;689
innovate end-to-end channels;France;8615;16;772
expedite seamless relationships;Jordan;17575;22;661
incentivize open-source action-items;Palau;17634;24;865
transform next-generation eyeballs;Portugal;17133;26;503
architect clicks-and-mortar bandwidth;Myanmar;10559;24;786
re-intermediate cutting-edge architectures;Cameroon;14144;16;172
orchestrate world-class deliverables;Armenia;10780;26;786
e-enable intuitive users;Germany;19334;24;406
cultivate magnetic relationships;Dominica;15633;18;400
orchestrate ubiquitous schemas;Guinea;12547;30;72
morph out-of-the-box technologies;Haiti;7403;30;708
orchestrate cross-platform functionalities;Mauritania;16700;22;698
facilitate viral convergence;Iraq;16944;30;949
mesh virtual communities;Zambia;18566;19;331
unleash magnetic content;Somalia;14866;24;253
cultivate granular content;Colombia;13271;30;914
engage robust interfaces;Mali;15070;28;39
embrace impactful users;France;6855;30;34
expedite B2B methodologies;Comoros;8017;22;43
grow dynamic applications;Norway;17032;27;987
enhance vertical schemas;Austria;13410;21;297
visualize e-business convergence;Colombia;13311;17;350
synergize compelling vortals;Hungary;9105;30;669
seize virtual metrics;Liberia;11767;27;905
embrace frictionless portals;San Marino;19158;28;702
streamline world-class info-mediaries;Malta;16491;20;743
synthesize best-of-breed infrastructures;Togo;14547;29;281
syndicate distributed metrics;Gabon;18920;15;985
harness rich ROI;Samoa;7170;22;224
embrace holistic convergence;Jamaica;14552;24;862
synergize wireless architectures;Bulgaria;18765;28;400
matrix intuitive channels;Sri Lanka;12973;15;519
cultivate granular partnerships;Japan;19928;29;512
enable web-enabled e-tailers;Belgium;9266;18;542
leverage user-centric networks;Bhutan;16972;26;247
incubate cutting-edge communities;Latvia;8203;28;747
optimize seamless schemas;India;14014;15;823
transform value-added portals;Jamaica;13222;23;693
transition cross-media channels;Cambodia;14903;21;823
drive proactive technologies;Iceland;8637;27;752
deliver cutting-edge solutions;San Marino;12472;28;368
monetize interactive channels;Suriname;12417;19;857
strategize revolutionary content;Tajikistan;7494;15;962
transform mission-critical communities;Samoa;8108;21;726
re-contextualize e-business action-items;Laos;7103;15;517
whiteboard next-generation bandwidth;Laos;13025;22;72
expedite dot-com initiatives;Bangladesh;10541;30;558
exploit holistic vortals;Andorra;9078;21;947
deliver ubiquitous channels;Bahrain;10410;26;518
monetize user-centric e-commerce;Jamaica;11018;26;752
facilitate real-time content;Guinea;8158;19;581
re-contextualize extensible web services;Somalia;18796;30;59
morph best-of-breed ROI;Macedonia;16134;23;657
envisioneer killer e-commerce;Qatar;13613;28;148
empower ubiquitous niches;Bolivia;13654;25;631
innovate B2B interfaces;Ghana;13137;20;378
repurpose killer web-readiness;Mauritania;7601;25;697
envisioneer efficient action-items;Costa Rica;7679;19;781
leverage granular e-tailers;Mozambique;16838;16;280
productize revolutionary partnerships;Guatemala;9206;27;669
re-contextualize e-business ROI;Taiwan;9162;21;628
unleash rich partnerships;Paraguay;16071;29;303
iterate ubiquitous content;Seychelles;15083;23;604
syndicate holistic users;Barbados;11267;22;705
integrate mission-critical systems;Pakistan;19282;24;900
enable back-end ROI;Uruguay;13528;25;239
architect 24/365 e-business;Bangladesh;19984;20;805
engage proactive synergies;Bhutan;6148;20;902
cultivate 24/365 functionalities;Mauritius;15691;15;54
whiteboard dot-com schemas;Niger;19966;18;167
brand value-added deliverables;Uzbekistan;12050;25;331
scale proactive e-tailers;Colombia;8224;20;551
expedite virtual solutions;Singapore;11911;24;426
engage collaborative vortals;San Marino;10769;16;497
maximize extensible paradigms;Slovenia;11341;24;551
syndicate end-to-end e-commerce;Estonia;7468;26;100
drive cross-platform networks;Jamaica;16759;17;608
brand killer schemas;Cape Verde;9939;25;702
redefine intuitive initiatives;Yemen;5263;28;959
iterate B2C solutions;Norway;9019;18;330
target killer eyeballs;Ghana;19664;15;471
implement distributed functionalities;Iceland;16903;19;585
strategize distributed ROI;Argentina;8149;29;88
extend cutting-edge experiences;Indonesia;6812;20;839
synthesize seamless e-markets;Slovenia;17229;21;675
syndicate dynamic web-readiness;Latvia;17086;23;757
e-enable dot-com info-mediaries;France;7642;15;631
redefine integrated eyeballs;Samoa;7729;15;802
embrace integrated relationships;Zimbabwe;9980;19;627
drive B2B synergies;Zambia;15296;28;202
incentivize world-class portals;Chile;18173;24;342
leverage value-added solutions;Ghana;18818;30;569
re-intermediate visionary eyeballs;Romania;14699;21;692
enable virtual e-markets;Liberia;5544;30;791
transition visionary mindshare;Japan;11723;18;222
disintermediate interactive interfaces;Luxembourg;6175;15;986
matrix extensible infrastructures;Qatar;19475;18;709
strategize cross-media interfaces;Albania;18467;17;374
aggregate turn-key relationships;Kuwait;9502;26;958
facilitate cross-media initiatives;Zimbabwe;9404;21;359
reinvent global e-tailers;Norway;5405;29;511
embrace turn-key convergence;Denmark;14350;19;182
envisioneer scalable partnerships;Vietnam;14729;28;922
revolutionize granular metrics;Lebanon;8883;19;705
generate cross-media mindshare;Libya;7681;23;689
transform killer niches;Belgium;5788;18;188
envisioneer interactive functionalities;Panama;16450;19;239
re-contextualize ubiquitous experiences;Colombia;10654;19;910
synergize interactive markets;East Timor;15549;17;748
whiteboard revolutionary systems;Serbia;12906;27;519
drive intuitive vortals;Cameroon;18879;29;710
enable viral bandwidth;Suriname;9249;28;122
synergize revolutionary models;Haiti;5499;26;760
extend strategic functionalities;Ethiopia;15243;19;864
mesh rich technologies;Kuwait;10581;29;422
enhance visionary users;Rwanda;7914;23;150
empower 24/7 systems;Syria;17868;30;439
deliver global e-services;Cape Verde;18993;17;874
drive magnetic partnerships;Myanmar;5246;26;330
brand interactive convergence;Hungary;8472;25;463
strategize best-of-breed users;Costa Rica;17007;29;71
re-contextualize proactive applications;Seychelles;10639;23;635
syndicate dot-com e-commerce;Ukraine;10558;18;475
utilize collaborative web-readiness;Zambia;17428;25;170
evolve efficient web-readiness;Nigeria;15142;15;790
grow revolutionary applications;Guyana;13815;19;652
exploit rich communities;Indonesia;9642;19;374
integrate turn-key e-business;Costa Rica;14645;25;886
deploy holistic e-tailers;Croatia;11606;18;747
productize end-to-end partnerships;Belgium;10769;29;676
expedite integrated metrics;The Gambia;15460;17;820
orchestrate distributed solutions;Finland;9938;17;236
extend innovative convergence;Japan;14382;21;705
aggregate leading-edge relationships;Ethiopia;19419;17;514
aggregate user-centric functionalities;Slovenia;10065;15;639
brand turn-key networks;Benin;10963;30;972
revolutionize robust supply-chains;Swaziland;6023;16;533
utilize collaborative technologies;Ecuador;9536;25;228
deploy intuitive e-commerce;Estonia;14194;27;55
generate seamless channels;Mongolia;14071;15;844
embrace plug-and-play portals;Pakistan;9348;17;368
deliver holistic web services;Indonesia;10107;19;104
revolutionize impactful systems;The Gambia;8446;21;231
enable 24/7 networks;San Marino;14887;17;344
synergize viral bandwidth;Brazil;16283;29;11
evolve best-of-breed web-readiness;Azerbaijan;19416;23;543
innovate bleeding-edge networks;Guyana;18823;15;856
engineer distributed partnerships;Tonga;16414;18;408
harness 24/7 e-tailers;Belize;17514;25;538
whiteboard 24/365 methodologies;Estonia;10446;29;121
incentivize killer methodologies;Eritrea;5827;26;257
synthesize ubiquitous web-readiness;Mali;7909;20;780
reinvent revolutionary portals;Bhutan;8701;22;735
drive cross-media interfaces;Sri Lanka;18451;18;779
evolve turn-key eyeballs;Botswana;15623;22;193
incentivize cross-platform markets;Rwanda;18708;18;166
incentivize front-end users;Paraguay;9378;18;22
incentivize e-business niches;Poland;7528;23;771
redefine collaborative metrics;Uzbekistan;11657;26;503
disintermediate dot-com markets;Lebanon;9390;27;332
facilitate compelling applications;Chile;10995;17;411
engineer next-generation methodologies;Bangladesh;12627;29;465
whiteboard virtual applications;Honduras;5480;25;513
architect e-business networks;Uruguay;10808;29;605
maximize granular action-items;Ghana;6166;26;632
synergize intuitive networks;Cambodia;16636;19;756
unleash integrated interfaces;Bangladesh;5639;25;237
deliver web-enabled eyeballs;Fiji;18887;24;962
revolutionize user-centric ROI;Tunisia;14643;27;734
redefine bricks-and-clicks experiences;Canada;16156;27;14
visualize vertical synergies;Egypt;12026;30;376
leverage next-generation content;Montenegro;11852;18;726
deliver collaborative markets;Mongolia;10795;24;483
target open-source niches;Taiwan;18253;24;252
incentivize efficient web services;Jordan;6076;22;884
leverage cross-media metrics;Mozambique;19578;15;716
evolve leading-edge systems;The Gambia;9710;27;504
productize e-business experiences;Jamaica;7965;20;679
productize granular technologies;Paraguay;10723;17;834
re-intermediate granular supply-chains;Myanmar;18167;24;77
revolutionize efficient info-mediaries;Denmark;14948;19;558
facilitate robust interfaces;Argentina;12801;21;393
e-enable granular platforms;Morocco;18100;15;831
innovate customized initiatives;Brazil;7665;21;275
syndicate turn-key platforms;Lebanon;13241;20;411
deliver transparent ROI;Argentina;18041;27;491
seize user-centric interfaces;Palestine;15731;29;544
grow killer systems;Belgium;5374;23;652
re-contextualize innovative info-mediaries;Seychelles;16735;26;145
orchestrate next-generation bandwidth;Ethiopia;9122;20;740
transition mission-critical info-mediaries;Qatar;15208;16;276
streamline virtual content;Maldives;14949;16;188
maximize rich relationships;Cape Verde;13945;25;83
redefine synergistic e-services;Kazakhstan;12090;22;571
morph out-of-the-box e-commerce;Gabon;15379;19;290
synergize dot-com functionalities;Laos;14048;30;264
matrix B2B e-markets;Tuvalu;8760;25;533
synergize killer initiatives;Swaziland;16740;25;391
enable value-added architectures;Liberia;13152;15;425
generate leading-edge e-tailers;Colombia;17285;28;572
drive global content;Malawi;12360;18;957
benchmark granular relationships;Guinea;16269;27;223
synergize frictionless infrastructures;Denmark;13729;26;656
incubate cross-platform convergence;Serbia;15910;27;371
innovate wireless action-items;Brazil;9442;29;431
integrate collaborative functionalities;East Timor;19441;23;635
synergize interactive relationships;Mauritania;11595;24;304
repurpose interactive vortals;Panama;10598;15;469
e-enable vertical deliverables;Sweden;14341;26;970
transition strategic networks;Angola;18892;25;158
redefine frictionless e-markets;Mali;14265;28;923
engage sticky initiatives;Togo;16542;21;668
streamline revolutionary content;Mexico;8885;30;623
aggregate sticky infrastructures;Singapore;19667;15;475
redefine leading-edge platforms;Venezuela;13439;23;618
expedite killer e-business;Albania;10021;19;103
seize 24/7 vortals;Albania;14043;17;743
synergize magnetic paradigms;Myanmar;9385;16;217
scale B2B technologies;Russia;7690;24;967
envisioneer frictionless info-mediaries;Madagascar;17451;16;744
transition customized technologies;Grenada;14792;22;261
synthesize B2C experiences;Indonesia;11338;16;701
seize virtual vortals;Myanmar;8191;29;872
generate rich deliverables;Lithuania;17716;30;410
evolve ubiquitous interfaces;Uganda;11509;30;753
incentivize B2C channels;Serbia;7022;15;27
implement scalable methodologies;Turkey;12682;24;640
streamline customized e-tailers;Namibia;18057;25;190
morph innovative solutions;Syria;17677;15;945
mesh extensible partnerships;Egypt;17764;28;919
visualize integrated markets;Malaysia;5142;23;426
envisioneer bleeding-edge communities;Palau;11533;17;768
benchmark collaborative methodologies;Nicaragua;19350;30;675
iterate leading-edge channels;Sri Lanka;6034;20;787
facilitate enterprise architectures;San Marino;18573;23;202
optimize dot-com ROI;Honduras;9726;23;421
reinvent world-class technologies;Luxembourg;13023;28;560
scale web-enabled solutions;Finland;5467;23;592
utilize compelling info-mediaries;Namibia;15360;24;293
revolutionize back-end content;Suriname;10507;25;353
architect visionary e-tailers;Georgia;12856;29;963
evolve ubiquitous methodologies;Chile;6685;24;11
embrace B2B e-services;Niger;6143;17;624
productize viral markets;Zimbabwe;9268;23;487
brand best-of-breed web services;Albania;13173;29;704
incubate next-generation metrics;Bahrain;16738;15;732
seize sticky e-services;Egypt;16877;17;29
integrate turn-key schemas;Serbia;17419;25;650
drive user-centric web-readiness;Costa Rica;16592;23;727
streamline 24/7 systems;Barbados;10371;28;437
transform front-end web-readiness;Armenia;7527;18;421
aggregate compelling channels;Algeria;8940;25;14
facilitate holistic e-services;Tuvalu;18820;28;856
orchestrate ubiquitous ROI;Syria;8519;27;435
implement integrated info-mediaries;Dominica;17318;17;274
empower global methodologies;Tuvalu;7739;27;371
morph e-business web-readiness;Jordan;14269;21;272
grow customized synergies;Armenia;19078;22;292
target wireless supply-chains;Liberia;18635;16;310
extend end-to-end infrastructures;Iceland;7493;26;134
productize B2B interfaces;Serbia;13953;21;356
re-contextualize strategic vortals;Montenegro;13411;17;573
enhance e-business markets;Somalia;8657;20;808
whiteboard bricks-and-clicks e-commerce;Zimbabwe;13254;15;909
envisioneer customized methodologies;Gabon;9750;27;588
orchestrate collaborative channels;Brazil;10687;17;305
deploy dynamic architectures;Gabon;13522;19;844
streamline web-enabled systems;Mali;18200;19;816
grow world-class e-business;Fiji;14375;18;572
generate open-source systems;Kyrgyzstan;11638;29;79
e-enable scalable platforms;Norway;5195;27;632
target real-time channels;Russia;5435;26;306
transition revolutionary experiences;Niger;5976;17;207
architect mission-critical methodologies;Spain;9715;24;329
mesh customized e-commerce;Iceland;18638;29;719
iterate 24/365 synergies;Ethiopia;6641;27;828
optimize one-to-one infrastructures;Hungary;5932;15;271
revolutionize collaborative systems;Iraq;9309;21;809
incentivize synergistic methodologies;Bhutan;7641;29;356
monetize virtual paradigms;Somalia;6123;24;484
harness dynamic markets;Tunisia;6795;18;750
mesh extensible communities;Ecuador;10613;21;572
incubate out-of-the-box eyeballs;Indonesia;5712;25;499
enhance intuitive users;Georgia;15978;18;819
utilize open-source markets;Nepal;17126;16;181
morph B2B web-readiness;Azerbaijan;18335;22;884
facilitate value-added e-business;Guinea;15458;30;119
redefine sticky e-markets;Mexico;6349;22;329
enable e-business action-items;Moldova;7209;21;491
embrace viral web-readiness;Nauru;8031;30;662
enhance rich e-commerce;Cape Verde;11303;23;638
extend customized architectures;Uruguay;9904;24;773
orchestrate best-of-breed paradigms;The Gambia;17565;23;758
facilitate viral e-services;Tuvalu;12048;29;643
integrate holistic ROI;Zambia;5579;16;185
deliver scalable web-readiness;Cape Verde;16727;22;130
generate transparent experiences;Hungary;18804;17;617
implement out-of-the-box schemas;Pakistan;8388;28;840
matrix global portals;Montenegro;15295;22;562
maximize intuitive e-business;Moldova;10462;17;990
optimize cross-platform experiences;Armenia;19644;23;356
brand magnetic architectures;Zambia;11793;21;98
monetize value-added schemas;Botswana;5176;22;286
harness front-end e-services;Mongolia;7547;16;391
matrix visionary web services;Qatar;18559;16;673
engage 24/365 functionalities;Seychelles;6372;24;977
target 24/365 e-markets;Djibouti;18819;24;964
deploy revolutionary functionalities;Luxembourg;8308;16;554
morph synergistic partnerships;Nicaragua;14683;22;507
monetize transparent bandwidth;Andorra;8581;15;717
leverage robust e-tailers;Botswana;6222;20;424
engineer e-business architectures;Seychelles;9532;27;528
empower proactive content;Uzbekistan;10799;23;456
deploy out-of-the-box web services;Dominica;11897;23;831
implement next-generation mindshare;Malaysia;6692;24;994
envisioneer cross-media technologies;Zambia;17251;30;841
incubate user-centric action-items;Rwanda;14379;30;463
implement value-added portals;Bahrain;8082;20;780
deploy front-end e-markets;Bulgaria;11398;27;670
synthesize 24/7 e-commerce;Indonesia;11462;16;477
monetize vertical e-services;Colombia;10932;24;584
engage interactive architectures;Finland;11054;30;781
facilitate extensible eyeballs;Palau;17246;21;201
leverage intuitive vortals;Turkey;12285;25;876
facilitate intuitive bandwidth;Kyrgyzstan;13491;28;917
expedite sticky systems;Pakistan;14956;20;931
incentivize rich architectures;Denmark;16904;25;177
drive dot-com systems;Madagascar;7155;23;840
utilize granular models;San Marino;10157;24;227
target sticky deliverables;Slovenia;11245;25;634
morph e-business action-items;Panama;11034;29;418
extend interactive models;Grenada;6850;19;677
utilize viral e-commerce;Indonesia;16095;23;897
deploy cross-platform architectures;Spain;10223;16;474
re-contextualize intuitive methodologies;Egypt;11503;21;380
strategize back-end e-tailers;Brazil;5485;20;845
implement efficient metrics;Cameroon;8148;20;668
streamline extensible infrastructures;Poland;17180;19;601
orchestrate cross-platform portals;Indonesia;9752;16;279
embrace impactful platforms;Togo;15197;28;214
utilize cross-media content;Maldives;18492;26;379
monetize web-enabled systems;Guatemala;14335;19;451
streamline world-class web-readiness;Georgia;5432;27;959
morph best-of-breed convergence;Lesotho;13462;19;999
grow intuitive niches;Georgia;14698;20;974
embrace dot-com e-markets;Chad;5101;24;525
transition B2C applications;Nepal;19767;17;669
disintermediate B2B markets;Croatia;17197;29;340
transform next-generation technologies;Austria;16066;23;60
extend out-of-the-box action-items;Venezuela;14581;23;854
redefine dynamic portals;Uganda;8502;25;446
envisioneer distributed ROI;Tunisia;11027;15;96
deploy strategic web services;Cyprus;7595;29;598
exploit frictionless niches;Jordan;8070;29;851
matrix customized deliverables;Algeria;10845;28;283
synergize transparent web services;Suriname;13547;23;533
maximize world-class bandwidth;Libya;12837;16;959
seize vertical interfaces;Spain;11086;16;895
engineer synergistic channels;Mozambique;8362;30;885
deploy 24/365 metrics;Poland;10998;15;62
re-intermediate plug-and-play web services;Barbados;15781;25;975
empower bricks-and-clicks interfaces;Serbia;17483;28;921
incentivize mission-critical e-tailers;Cameroon;15995;29;663
engage revolutionary users;Slovenia;19050;15;924
morph open-source schemas;Cambodia;13084;16;829
optimize granular web-readiness;Malta;16141;27;251
engineer collaborative eyeballs;Albania;11593;29;529
generate revolutionary relationships;Slovenia;11888;28;382
whiteboard front-end solutions;Norway;11667;18;375
embrace integrated methodologies;Cyprus;15606;25;126
e-enable proactive info-mediaries;Cyprus;15735;23;820
iterate extensible schemas;Turkey;7235;18;812
streamline B2C portals;Vietnam;6998;28;949
grow open-source e-services;Iceland;14586;17;225
strategize robust paradigms;Yemen;8603;18;417
seize clicks-and-mortar experiences;Eritrea;6769;20;680
embrace virtual models;Luxembourg;9994;30;349
scale impactful paradigms;Poland;19266;23;765
evolve rich networks;Egypt;17607;17;127
deploy frictionless deliverables;Croatia;6625;27;127
embrace scalable paradigms;Ecuador;15860;29;998
envisioneer innovative deliverables;Vietnam;15574;18;819
seize plug-and-play schemas;Bahrain;18451;19;652
exploit compelling supply-chains;Serbia;10378;26;251
synergize impactful ROI;Nepal;19342;30;575
aggregate intuitive e-tailers;Cuba;16630;28;987
innovate user-centric relationships;Somalia;6918;22;974
re-intermediate ubiquitous relationships;Botswana;6235;25;601
deploy mission-critical ROI;Luxembourg;13447;16;909
deploy rich infrastructures;Cape Verde;16109;26;210
transform proactive solutions;Nigeria;14244;22;508
aggregate synergistic convergence;Kazakhstan;18779;27;359
target integrated channels;Costa Rica;7066;15;737
deploy viral e-tailers;Djibouti;19765;16;799
empower vertical niches;Italy;6761;20;280
optimize global supply-chains;San Marino;5998;25;339
exploit cross-media applications;Tanzania;6313;29;11
utilize dot-com bandwidth;Monaco;11545;25;918
architect e-business bandwidth;Benin;16602;22;19
engineer cross-platform communities;Zimbabwe;7371;19;936
embrace vertical systems;Egypt;13938;28;504
aggregate global eyeballs;Maldives;18573;20;642
enhance customized platforms;Nigeria;18813;18;527
whiteboard B2C networks;Montenegro;6147;28;176
seize rich infrastructures;Honduras;17454;20;354
re-contextualize dynamic users;Albania;9553;19;880
exploit enterprise initiatives;Angola;5617;27;493
monetize granular markets;Spain;14800;24;971
synthesize scalable users;Senegal;9586;15;492
maximize scalable partnerships;Vietnam;12023;24;669
disintermediate visionary e-services;Singapore;10548;16;161
brand front-end channels;Belgium;13880;29;75
harness leading-edge models;France;10175;15;701
re-contextualize leading-edge functionalities;Djibouti;19602;24;204
orchestrate vertical content;Lesotho;18762;22;9
innovate killer synergies;Japan;14730;22;885
disintermediate transparent methodologies;Costa Rica;17367;23;819
implement wireless partnerships;Guyana;13814;25;995
evolve clicks-and-mortar content;Malta;15035;29;895
transition global e-business;Iceland;16006;16;974
extend open-source infrastructures;Chile;13289;22;195
unleash mission-critical architectures;Sweden;18797;23;851
synthesize revolutionary methodologies;Mexico;12187;18;617
disintermediate proactive portals;Denmark;16010;25;34
maximize granular portals;Lebanon;12631;25;292
exploit user-centric convergence;Egypt;16617;21;1001
iterate granular portals;Georgia;16313;18;216
seize value-added e-tailers;Libya;5389;27;626
leverage synergistic eyeballs;Kiribati;15318;18;95
revolutionize enterprise web services;Ghana;16721;29;750
reinvent B2C users;Lithuania;13249;28;816
facilitate proactive networks;Cambodia;10481;25;94
brand synergistic info-mediaries;Malaysia;19139;21;420
engineer rich functionalities;Greece;11737;17;644
exploit dot-com eyeballs;Monaco;12535;22;611
embrace efficient infrastructures;Swaziland;16106;24;620
envisioneer interactive web-readiness;Mauritius;16258;16;89
matrix viral vortals;Singapore;19299;19;545
innovate wireless communities;Thailand;5445;15;410
redefine enterprise action-items;Bhutan;17929;23;787
scale visionary web services;Montenegro;5705;27;158
envisioneer innovative communities;Argentina;19068;27;454
benchmark plug-and-play platforms;Fiji;11860;21;607
optimize B2C niches;Chile;8091;23;909
streamline revolutionary bandwidth;Grenada;17614;18;57
extend efficient solutions;Swaziland;13540;29;339
engage frictionless mindshare;Guatemala;5581;18;876
maximize web-enabled action-items;Azerbaijan;10472;19;4
whiteboard virtual communities;Azerbaijan;12489;27;443
incentivize B2B architectures;Grenada;7627;28;496
exploit B2C deliverables;Ghana;7925;29;16
engineer magnetic portals;Bolivia;19925;25;428
visualize 24/7 technologies;Eritrea;7971;16;596
engineer dynamic web services;Fiji;10818;15;823
syndicate holistic e-markets;Iraq;13114;23;650
re-intermediate world-class platforms;Iran;17449;18;22
monetize 24/365 channels;Brazil;13610;25;207
harness viral content;East Timor;11756;30;752
synthesize virtual info-mediaries;Burundi;12993;25;659
envisioneer world-class networks;Estonia;9612;27;320
empower enterprise vortals;Sri Lanka;9974;26;205
embrace end-to-end schemas;Serbia;13154;21;42
embrace ubiquitous interfaces;Ghana;10238;19;506
deploy efficient methodologies;Norway;11448;22;67
expedite robust applications;Malaysia;6172;28;931
re-intermediate cross-platform markets;Nepal;13241;26;429
enhance interactive e-business;Myanmar;5746;17;789
iterate wireless schemas;Palau;7836;27;886
scale synergistic architectures;Cape Verde;17113;20;548
expedite compelling relationships;Senegal;19928;16;839
reinvent killer users;Qatar;5125;16;748
morph integrated relationships;Senegal;14048;22;969
maximize innovative supply-chains;Seychelles;13880;29;84
synthesize vertical supply-chains;Bangladesh;19898;28;883
iterate efficient models;Somalia;11596;20;925
benchmark killer models;Cuba;18771;23;529
engineer 24/365 convergence;Bahrain;15419;18;734
enhance open-source users;Ghana;15655;30;31
re-contextualize cross-media architectures;India;6441;30;153
implement world-class architectures;Argentina;12696;22;853
visualize scalable web services;Benin;18646;25;596
monetize e-business markets;Iraq;7487;20;761
embrace strategic interfaces;Belize;5945;26;95
transition virtual networks;Fiji;19881;17;29
implement leading-edge action-items;Tonga;10929;20;393
transform real-time experiences;Fiji;11969;30;585
monetize ubiquitous niches;Eritrea;17868;23;914
implement next-generation web-readiness;Japan;15274;26;963
productize web-enabled vortals;Libya;6197;25;230
synergize user-centric e-tailers;Zimbabwe;11914;18;761
brand best-of-breed systems;Palau;18104;30;97
implement robust content;Nigeria;9379;17;770
engage user-centric schemas;Fiji;9774;24;228
grow granular partnerships;Finland;15148;25;456
e-enable collaborative users;Kyrgyzstan;15982;15;689
extend seamless platforms;Chile;18368;30;41
empower integrated synergies;Israel;17025;18;393
reinvent back-end partnerships;Lesotho;19452;29;913
synergize bricks-and-clicks networks;Venezuela;11253;30;515
extend next-generation solutions;Ecuador;15921;28;916
evolve B2B solutions;Djibouti;6889;18;111
enhance impactful eyeballs;Belize;11536;20;427
facilitate dynamic networks;Palau;8058;28;172
exploit impactful schemas;Cuba;6908;19;408
exploit virtual infrastructures;Russia;14741;26;502
redefine cross-media mindshare;Palau;16849;25;929
synergize e-business experiences;Iraq;17846;30;783
deliver user-centric architectures;Liberia;9777;21;917
repurpose plug-and-play vortals;Japan;13010;21;760
generate sticky communities;Suriname;13910;29;96
matrix seamless methodologies;Serbia;9861;24;682
streamline viral supply-chains;Lithuania;17403;27;663
maximize next-generation architectures;East Timor;12235;27;696
whiteboard innovative communities;Macedonia;14807;16;111
evolve plug-and-play paradigms;Eritrea;15372;21;298
harness cross-media systems;Liberia;14792;20;373
synthesize value-added architectures;Algeria;7306;21;363
cultivate dynamic metrics;Spain;7544;22;683
monetize strategic models;Armenia;17255;15;607
morph customized paradigms;Malaysia;10599;21;606
harness granular content;Bahrain;18086;23;590
evolve next-generation e-markets;Poland;13523;30;503
facilitate cutting-edge relationships;Kiribati;14446;22;760
visualize revolutionary communities;Lithuania;8500;15;515
optimize end-to-end methodologies;Mali;7772;15;954
e-enable out-of-the-box info-mediaries;Maldives;9035;18;13
engineer cross-platform solutions;Peru;14392;17;151
orchestrate end-to-end users;Djibouti;7742;15;316
optimize front-end info-mediaries;Malawi;10906;15;258
engage cross-platform applications;Algeria;12900;15;550
deploy compelling web services;Niger;15270;26;173
repurpose B2B vortals;Argentina;13701;20;765
empower magnetic eyeballs;Malaysia;8749;28;636
enhance killer interfaces;Samoa;5576;28;792
seize leading-edge methodologies;Myanmar;11967;26;570
aggregate mission-critical applications;Australia;16117;20;165
seize robust solutions;Uzbekistan;19660;24;979
synergize next-generation infrastructures;Ecuador;5537;22;557
synergize real-time relationships;Niger;12462;17;785
visualize dot-com platforms;Swaziland;15992;16;339
streamline real-time functionalities;Guinea;5527;22;259
architect value-added e-tailers;Israel;16050;22;6
mesh holistic infrastructures;Bahamas;19133;30;313
integrate clicks-and-mortar paradigms;Chile;9016;26;457
engage interactive functionalities;Samoa;15309;26;778
empower synergistic relationships;Swaziland;6082;20;571
architect front-end solutions;Australia;6843;15;870
generate holistic web-readiness;Samoa;11918;15;362
empower distributed infrastructures;Lebanon;14217;19;497
re-intermediate dot-com web services;Colombia;13542;16;611
harness impactful e-commerce;Iraq;5975;15;696
streamline wireless functionalities;France;15945;29;762
matrix wireless applications;Mauritania;12296;19;648
whiteboard visionary info-mediaries;Malawi;8991;23;551
aggregate cross-media info-mediaries;Zambia;8034;25;374
strategize revolutionary e-services;Gabon;5239;23;162
integrate 24/365 deliverables;Mali;8709;18;492
strategize frictionless ROI;Tonga;14633;26;942
drive transparent web-readiness;Madagascar;16357;24;744
incentivize value-added portals;Nigeria;7055;27;388
envisioneer bricks-and-clicks users;Myanmar;7985;15;823
engage out-of-the-box vortals;Guyana;12322;25;620
evolve strategic systems;Kenya;11480;22;118
generate bleeding-edge partnerships;Chile;19796;16;98
redefine cross-media networks;Kenya;13594;26;729
innovate back-end bandwidth;Somalia;8158;20;597
aggregate proactive initiatives;Madagascar;10307;17;655
drive next-generation web-readiness;Spain;5311;16;597
streamline seamless networks;Kenya;10432;15;653
target best-of-breed e-markets;Ethiopia;14979;25;810
aggregate interactive platforms;Guatemala;5373;19;531
expedite robust interfaces;Nicaragua;9576;29;38
morph integrated communities;Botswana;5454;18;856
incubate sticky web services;Nicaragua;14593;16;853
disintermediate dynamic networks;Bolivia;8354;18;850
scale vertical interfaces;Azerbaijan;11123;17;775
incubate e-business architectures;Georgia;8190;25;281
monetize proactive web services;Zambia;13366;19;81
re-contextualize scalable info-mediaries;Lesotho;10954;17;264
orchestrate seamless mindshare;Moldova;5152;25;814
transition next-generation platforms;Algeria;17264;16;609
synergize impactful channels;Niger;13165;29;30
redefine value-added partnerships;Sudan;14622;23;738
engineer open-source e-services;Italy;12108;17;47
strategize best-of-breed web services;Armenia;7507;27;796
re-contextualize wireless platforms;Lithuania;19341;26;966
re-intermediate 24/7 vortals;Gabon;14101;15;571
re-contextualize holistic synergies;Fiji;19574;21;927
orchestrate open-source initiatives;Libya;14009;20;534
extend global bandwidth;Belize;10001;19;985
synthesize seamless technologies;Moldova;19778;25;828
synergize turn-key action-items;Montenegro;5890;30;423
incentivize interactive niches;Tanzania;12717;24;64
monetize revolutionary platforms;Jamaica;9635;27;639
incentivize holistic methodologies;Angola;11261;23;216
unleash enterprise functionalities;Colombia;15295;27;69
incubate value-added e-commerce;Dominica;5967;19;945
iterate killer channels;Albania;9508;15;532
reinvent efficient deliverables;Japan;17068;20;411
monetize granular architectures;Yemen;17456;30;909
extend dot-com channels;Serbia;7341;23;183
transform leading-edge architectures;Slovenia;19261;25;52
re-intermediate B2C solutions;Yemen;7407;16;661
repurpose robust channels;Nepal;11577;15;113
facilitate world-class web services;Russia;5510;15;998
transform granular vortals;Yemen;6859;20;838
transform turn-key markets;Fiji;16119;17;455
harness rich partnerships;Paraguay;11648;24;95
disintermediate wireless interfaces;Canada;19690;21;243
scale world-class networks;Swaziland;6153;15;358
orchestrate user-centric e-tailers;Ecuador;8420;21;281
exploit turn-key schemas;Ukraine;13428;25;650
deliver viral supply-chains;Egypt;8384;27;517
strategize distributed bandwidth;Finland;13385;24;973
facilitate revolutionary technologies;San Marino;16059;16;486
leverage proactive communities;Slovenia;5443;29;592
implement front-end deliverables;Norway;9170;22;975
extend web-enabled eyeballs;Canada;18185;29;151
orchestrate granular convergence;Armenia;6294;25;129
streamline cross-platform info-mediaries;Nicaragua;10567;17;17
engage bleeding-edge ROI;Tonga;15767;16;83
generate turn-key models;France;15476;15;65
empower distributed info-mediaries;Panama;19542;21;196
re-contextualize magnetic markets;Cyprus;9723;29;746
matrix strategic web-readiness;Uzbekistan;18987;28;410
drive open-source vortals;Laos;9082;21;459
deploy clicks-and-mortar supply-chains;Guinea;12220;22;708
integrate user-centric convergence;Botswana;18994;19;410
expedite dot-com systems;Bolivia;7815;30;293
redefine B2B e-commerce;Georgia;8016;24;196
seize one-to-one deliverables;Senegal;14689;24;382
mesh rich metrics;Canada;7395;27;843
syndicate robust web-readiness;Tajikistan;18265;29;734
leverage innovative infrastructures;Ethiopia;18673;21;562
empower wireless synergies;East Timor;14121;18;7
enhance distributed action-items;Sweden;13421;23;885
scale enterprise eyeballs;Georgia;11907;29;241
incentivize scalable architectures;Uzbekistan;11257;20;711
envisioneer B2B portals;Bahrain;7592;28;393
aggregate 24/7 schemas;Hungary;12831;27;26
seize bricks-and-clicks metrics;Palau;13800;26;533
brand leading-edge infrastructures;Sri Lanka;14758;23;472
redefine granular experiences;Croatia;11229;19;894
maximize seamless applications;Liberia;5717;20;834
embrace cross-platform schemas;Belgium;8023;16;347
extend bricks-and-clicks e-business;Benin;17891;30;690
orchestrate user-centric markets;Portugal;11131;19;251
engineer interactive e-tailers;Tuvalu;6588;17;315
cultivate sticky content;Lebanon;12595;21;340
mesh global e-markets;Luxembourg;19282;27;619
maximize bricks-and-clicks initiatives;East Timor;16743;17;245
